Plot_ID,Owner_Name,Father_Name,Survey_No,Gat_No,Area,Land_Type,Village,Taluka,District,State,Ownership_Type,No_of_Owners,Crop_Type,Irrigation_Source,Encumbrances,Mutation_Entry_No,Date_of_Mutation,Purchase_Value,Market_Value,Transaction_Type,Registration_No,Aadhaar_No,PAN_No,Contact_No,Address,Latitude,Longitude,Soil_Type,Fertility_Status,Ownership_Status,Land_Use,Tax_Status,Remarks,Last_Updated
PLOT001,Neelofar Sinha,Saira Jadhav,817/A,375,8.45,Non-Agricultural,Etawah,Rahuri,Kolhapur,Maharashtra,Single,1,Fallow,Rainfed,Mortgage,M2736,2022-09-07,₹283334,₹1634978,Inheritance,R9628,XXXX-XXXX-8111,MKOPZ3342V,+915930632884,"H.No. 149, Kunda Path, Unnao 881741",19.7362,75.6147,Black Cotton,Low,Active,Fallow,Unpaid,Partially cultivated,2025-02-02
PLOT002,Diya Kapadia,Rasha Shinde,284/C,745,6.94,Agricultural,Hosur,Karmala,Solapur,Maharashtra,Joint,2,Wheat,Borewell,Bank Loan,M2070,2023-04-09,₹577446,₹1261805,Gift,R1247,XXXX-XXXX-5701,MPKPI5052W,+913627826259,"H.No. 44, Bhardwaj Zila, Katni 229427",19.4272,74.0621,Laterite,Fertile,Disputed,Crop,Paid,Dryland,2025-02-25
PLOT003,Ranbir Madan,Yashvi Patil,566/B,681,0.61,Agricultural,Rourkela,Rahuri,Nashik,Maharashtra,Joint,4,Cotton,Borewell,None,M3045,2022-08-18,₹517964,₹1746155,Gift,R2196,XXXX-XXXX-4299,FYPPQ0257P,02483223676,"55/955, Lad Road, Sangli-Miraj & Kupwad 591822",17.0045,75.8464,Sandy,Low,Disputed,Crop,Unpaid,Dryland,2025-08-29
PLOT004,Ivan Bahl,Riya Kadam,221/B,989,3.7,Non-Agricultural,Moradabad,Karjat,Beed,Maharashtra,Joint,3,Paddy,Rainfed,Bank Loan,M9340,2020-12-11,₹693697,₹1760747,Gift,R9071,XXXX-XXXX-6852,JTJPJ3646N,3732212210,"H.No. 817, Dhaliwal Street, Alwar 723700",19.8593,75.7843,Sandy,Fertile,Disputed,Crop,Paid,Under observation,2025-09-20
PLOT005,Oorja Rajagopalan,Pihu Patil,292/B,239,9.92,Agricultural,Srikakulam,Beed,Ahmednagar,Maharashtra,Joint,3,Fallow,Borewell,Bank Loan,M7930,2021-09-25,₹670792,₹1940248,Gift,R8600,XXXX-XXXX-3994,KJAPH0848O,06658605369,"86/52, Chakrabarti Path, Dibrugarh-070725",19.6158,75.3028,Alluvial,Medium,Active,Residential,Unpaid,Dryland,2025-01-09
PLOT006,Nakul Dhar,Adira Shinde,866/C,720,6.2,Agricultural,Aurangabad,Pandharpur,Ahmednagar,Maharashtra,Single,1,Soybean,Borewell,None,M7901,2025-06-04,₹295189,₹1744867,Inheritance,R6063,XXXX-XXXX-2691,UQDPO7069D,07659183776,"H.No. 88, Mani Marg, Pimpri-Chinchwad 105417",18.9186,73.6535,Alluvial,Medium,Active,Fallow,Paid,Irrigated area,2024-10-27
PLOT007,Hunar Gole,Ela Kadam,315/C,155,8.64,Non-Agricultural,Sangli-Miraj & Kupwad,Pandharpur,Pune,Maharashtra,Joint,2,Sugarcane,Rainfed,Bank Loan,M4824,2022-07-26,₹530571,₹1049075,Sale,R2746,XXXX-XXXX-2889,CMTPT3574E,+913370725333,"981, Guha Zila, Raichur-917979",17.9241,73.1074,Red,Low,Disputed,Residential,Paid,Under observation,2025-05-17
PLOT008,Raunak Sarna,Charvi Patil,796/A,691,1.47,Non-Agricultural,Machilipatnam,Pandharpur,Ahmednagar,Maharashtra,Single,1,Wheat,Borewell,Bank Loan,M3961,2021-02-21,₹605526,₹1106520,Gift,R2764,XXXX-XXXX-2006,DTWPI3052Q,07372303670,"514, Tara Nagar, Madurai 797967",19.4449,73.9804,Alluvial,Fertile,Disputed,Crop,Unpaid,Dryland,2025-04-12
PLOT009,Lakshay Cherian,Jivin Patil,891/B,834,2.44,Non-Agricultural,Delhi,Sangola,Pune,Maharashtra,Single,1,Paddy,Rainfed,Bank Loan,M6677,2024-03-05,₹609094,₹1949887,Sale,R6373,XXXX-XXXX-5744,TRDPQ9534F,04067157127,"21/66, Chanda Ganj, Pallavaram 933788",18.1552,74.0133,Laterite,Medium,Active,Fallow,Unpaid,Under observation,2025-01-31
PLOT010,Tara Kara,Aayush Shinde,943/C,509,9.09,Non-Agricultural,Buxar,Beed,Kolhapur,Maharashtra,Joint,4,Fallow,Borewell,Mortgage,M3254,2025-04-21,₹393503,₹1786810,Inheritance,R2529,XXXX-XXXX-2757,AODPJ5760C,+910376203435,"07/025, Wason Path, Srikakulam 882771",18.9027,73.5144,Laterite,Low,Active,Residential,Paid,Dryland,2025-08-30
PLOT011,Zara Deo,Pranay Shinde,768/B,987,9.23,Agricultural,Belgaum,Karjat,Kolhapur,Maharashtra,Single,1,Cotton,Rainfed,Bank Loan,M3974,2025-02-26,₹496807,₹1834743,Gift,R9329,XXXX-XXXX-9169,GNUPM4280K,+913816235701,"65/99, Barad, Bardhaman-741372",19.1708,73.8686,Black Cotton,Medium,Active,Fallow,Paid,Irrigated area,2025-02-22
PLOT012,Tiya Thaman,Taimur Jadhav,928/C,384,7.63,Non-Agricultural,Dehradun,Rahuri,Beed,Maharashtra,Single,1,Paddy,Canal,None,M3432,2022-09-11,₹734314,₹937779,Inheritance,R8354,XXXX-XXXX-2839,YKMPS0868S,+913944649217,"80/992, Sule Street, Berhampur 042713",19.7266,73.5941,Red,Fertile,Disputed,Residential,Paid,Dryland,2025-05-15
PLOT013,Hazel Bains,Jivika Kadam,643/C,453,2.63,Non-Agricultural,Gangtok,Rahuri,Beed,Maharashtra,Single,1,Wheat,Well,Bank Loan,M8329,2024-03-15,₹467401,₹1149903,Sale,R1584,XXXX-XXXX-4590,UNNPC9448L,8536473715,"35, Chandra Zila, Morbi-402721",17.0452,75.0975,Laterite,Fertile,Disputed,Crop,Paid,Dryland,2025-03-05
PLOT014,Raunak Bhandari,Uthkarsh Patil,222/B,725,5.56,Agricultural,Kolhapur,Pandharpur,Beed,Maharashtra,Single,1,Sugarcane,Canal,Mortgage,M9123,2023-11-02,₹655551,₹1557292,Gift,R1877,XXXX-XXXX-8757,RVUPA4578W,9739797913,"43, Loke Nagar, Faridabad-106404",19.7227,73.799,Sandy,Low,Disputed,Crop,Unpaid,Irrigated area,2025-04-11
PLOT015,Rohan Biswas,Bhamini Deshmukh,891/A,364,2.32,Non-Agricultural,Khora ,Pandharpur,Ahmednagar,Maharashtra,Joint,4,Paddy,Canal,None,M1183,2021-02-09,₹533807,₹1483198,Gift,R5136,XXXX-XXXX-1353,AASPG6522T,+913237588850,"H.No. 950, Chakraborty Ganj, Jamalpur-035443",18.9195,75.0629,Laterite,Low,Active,Crop,Paid,Partially cultivated,2024-11-04
PLOT016,Kartik Dhillon,Kabir Patil,465/B,436,4.6,Non-Agricultural,Baranagar,Karmala,Nashik,Maharashtra,Joint,2,Cotton,Well,Legal Dispute,M7168,2024-03-10,₹566064,₹1635288,Inheritance,R3856,XXXX-XXXX-5677,QZAPV2281G,+915267880276,"97, Gade Nagar, Rourkela 242492",17.9299,74.503,Sandy,Fertile,Disputed,Crop,Unpaid,Partially cultivated,2025-06-06
PLOT017,Vivaan Bir,Raghav Deshmukh,319/C,507,5.65,Agricultural,Burhanpur,Baramati,Ahmednagar,Maharashtra,Single,1,Sugarcane,Well,None,M7632,2022-02-16,₹672005,₹1401415,Inheritance,R4395,XXXX-XXXX-8558,DALPI0197J,6938218979,"H.No. 443, Doshi Chowk, Etawah 285956",17.3621,73.4216,Black Cotton,Medium,Active,Fallow,Paid,Dryland,2025-07-27
PLOT018,Nitya Rama,Bhavin Jadhav,697/B,452,4.6,Agricultural,Pondicherry,Baramati,Ahmednagar,Maharashtra,Single,1,Maize,Borewell,Mortgage,M9212,2023-02-22,₹224253,₹1282432,Sale,R9936,XXXX-XXXX-2441,VMCPR1328D,06823305997,"918, Borah Road, Gudivada-851539",18.2329,74.752,Red,Medium,Disputed,Residential,Paid,Dryland,2025-01-03
PLOT019,Kanav Kade,Aarush Kadam,392/B,707,6.81,Agricultural,Amravati,Rahuri,Pune,Maharashtra,Single,1,Soybean,Well,Bank Loan,M3116,2023-05-07,₹334157,₹1568302,Sale,R1471,XXXX-XXXX-5515,FJHPB7353T,+919428522387,"83/72, Sodhi Zila, Karaikudi 472110",17.0748,74.997,Red,Low,Active,Residential,Paid,Partially cultivated,2025-05-09
PLOT020,Lakshay Jayaraman,Parinaaz Patil,586/B,739,5.58,Non-Agricultural,Raebareli,Beed,Solapur,Maharashtra,Joint,3,Sugarcane,Borewell,Mortgage,M5219,2025-09-13,₹783207,₹1747014,Gift,R1707,XXXX-XXXX-7412,KJQPK4949C,02078047863,"37/654, Dua Zila, Bathinda-326730",19.9837,73.6453,Sandy,Medium,Disputed,Fallow,Unpaid,Under observation,2025-06-17
PLOT021,Nishith Wason,Aarush Deshmukh,574/B,254,8.97,Non-Agricultural,Ramgarh,Pandharpur,Nashik,Maharashtra,Single,1,Fallow,Well,None,M2453,2025-09-28,₹562932,₹1485533,Gift,R5901,XXXX-XXXX-4769,VIOPM1243C,02339479543,"H.No. 896, Bora Zila, Nagaon-588241",17.9687,73.0137,Sandy,Medium,Active,Fallow,Unpaid,Dryland,2025-08-22
PLOT022,Anya Soni,Ehsaan Deshmukh,353/B,531,0.97,Agricultural,Gurgaon,Baramati,Ahmednagar,Maharashtra,Single,1,Paddy,Rainfed,Legal Dispute,M9477,2022-10-08,₹767126,₹1899990,Inheritance,R2962,XXXX-XXXX-9951,DEQPX5004J,03442081438,"84/06, Krish Path, Sultan Pur Majra-989956",19.0279,75.2171,Black Cotton,Medium,Disputed,Fallow,Unpaid,Under observation,2025-09-11
PLOT023,Pranay Sathe,Mannat Kadam,312/B,571,3.3,Agricultural,Kota,Beed,Ahmednagar,Maharashtra,Joint,3,Cotton,Well,None,M7708,2021-03-10,₹331248,₹1818573,Gift,R6430,XXXX-XXXX-7985,GQTPY4927U,01335534944,"86, Chokshi Ganj, Aligarh 471984",19.0557,75.8599,Sandy,Low,Active,Crop,Unpaid,Partially cultivated,2025-05-29
PLOT024,Kabir Sabharwal,Divij Shinde,121/C,628,4.42,Agricultural,Thanjavur,Karmala,Kolhapur,Maharashtra,Joint,3,Wheat,Well,None,M5533,2025-06-07,₹643413,₹1025077,Sale,R9106,XXXX-XXXX-7342,BFIPW8691N,2530186249,"59/046, Shanker Marg, Nandyal 862344",18.8773,75.4818,Black Cotton,Fertile,Disputed,Crop,Unpaid,Dryland,2025-07-03
PLOT025,Reyansh Lal,Dhanuk Shinde,210/C,772,3.21,Agricultural,Chennai,Rahuri,Pune,Maharashtra,Joint,4,Maize,Rainfed,Legal Dispute,M6989,2025-08-14,₹592825,₹1589271,Gift,R9824,XXXX-XXXX-6288,UDFPA0455H,+913012437417,"H.No. 138, Khanna Zila, Avadi-132604",17.7551,75.3528,Laterite,Medium,Active,Residential,Unpaid,Dryland,2024-12-17
PLOT026,Pranay Rout,Khushi Patil,118/C,323,9.76,Non-Agricultural,Dehri,Rahuri,Solapur,Maharashtra,Joint,2,Fallow,Well,None,M2298,2022-08-20,₹288470,₹931096,Gift,R1113,XXXX-XXXX-2293,PSAPZ0956Q,02002221427,"53/972, Das Nagar, Danapur-941213",17.1127,75.4472,Laterite,Low,Active,Crop,Paid,Partially cultivated,2025-04-13
PLOT027,Hridaan Dhaliwal,Ranbir Jadhav,270/A,180,7.78,Agricultural,Bhusawal,Pandharpur,Kolhapur,Maharashtra,Joint,4,Soybean,Canal,Mortgage,M2965,2024-01-02,₹340806,₹1760791,Gift,R5024,XXXX-XXXX-1228,FBAPW6527N,03069358276,"04/263, Khurana, Motihari-134757",18.3186,74.7612,Sandy,Medium,Disputed,Residential,Unpaid,Irrigated area,2025-06-01
PLOT028,Zeeshan Wason,Dishani Jadhav,452/C,422,0.84,Non-Agricultural,Dharmavaram,Baramati,Ahmednagar,Maharashtra,Joint,2,Cotton,Borewell,None,M3962,2025-01-24,₹223717,₹1668092,Gift,R6469,XXXX-XXXX-5282,YETPN5113R,1370085263,"82/705, Khalsa Path, Aurangabad 266100",19.9065,74.1519,Alluvial,Low,Active,Fallow,Unpaid,Irrigated area,2025-09-11
PLOT029,Tarini Bobal,Jivika Jadhav,837/B,629,8.42,Non-Agricultural,Mahbubnagar,Pandharpur,Kolhapur,Maharashtra,Joint,4,Maize,Well,Bank Loan,M2467,2023-12-31,₹710834,₹1801577,Inheritance,R9281,XXXX-XXXX-1797,HBXPZ9889Z,+915031912767,"88/543, Suri Ganj, Jabalpur 845174",18.6282,74.7239,Sandy,Fertile,Disputed,Residential,Paid,Under observation,2025-04-14
PLOT030,Mahika Rajan,Samar Patil,832/B,198,7.54,Agricultural,Bhimavaram,Karjat,Kolhapur,Maharashtra,Single,1,Maize,Well,Bank Loan,M4865,2023-05-24,₹760202,₹1537016,Inheritance,R1676,XXXX-XXXX-7489,PHDPG0399Q,03795332980,"86/011, Chacko Marg, Bhubaneswar 782536",19.7033,74.5173,Alluvial,Low,Disputed,Residential,Paid,Under observation,2024-11-05
PLOT031,Vardaniya Dhingra,Ira Jadhav,991/A,484,9.29,Non-Agricultural,Kharagpur,Karmala,Ahmednagar,Maharashtra,Joint,3,Maize,Canal,Legal Dispute,M1096,2024-03-13,₹287061,₹1199872,Gift,R5902,XXXX-XXXX-6666,CMPPC1454W,+913623436664,"002, Baria Path, Ranchi-773977",19.4881,74.7588,Alluvial,Medium,Disputed,Fallow,Paid,Irrigated area,2025-10-04
PLOT032,Miraya Suresh,Shanaya Kadam,545/A,445,1.82,Non-Agricultural,Raiganj,Beed,Beed,Maharashtra,Single,1,Wheat,Well,Mortgage,M9782,2023-05-10,₹620466,₹1360514,Gift,R3253,XXXX-XXXX-3977,LYJPH6480I,04197890526,"728, Bansal Chowk, Sonipat 439068",17.3901,75.8608,Black Cotton,Low,Active,Residential,Unpaid,Dryland,2024-10-21
PLOT033,Jivin Sandhu,Tiya Jadhav,411/C,269,2.43,Non-Agricultural,Jhansi,Rahuri,Kolhapur,Maharashtra,Joint,2,Sugarcane,Canal,Legal Dispute,M5010,2024-01-22,₹245426,₹1524499,Inheritance,R8326,XXXX-XXXX-1509,KLMPH7401B,5549464517,"38/96, Thaman Road, Bhiwandi-999820",17.691,75.4789,Laterite,Medium,Disputed,Crop,Paid,Partially cultivated,2025-09-24
PLOT034,Advika Deshpande,Dhanush Kadam,594/C,991,9.06,Agricultural,Moradabad,Sangola,Solapur,Maharashtra,Joint,3,Paddy,Well,None,M9419,2021-11-01,₹496753,₹1931424,Inheritance,R6568,XXXX-XXXX-9272,HHYPM3802K,0357240366,"97/98, Gulati Circle, Ahmednagar 325216",19.6701,75.402,Alluvial,Low,Active,Crop,Paid,Under observation,2025-02-06
PLOT035,Vaibhav Rege,Ishaan Shinde,821/A,661,8.14,Agricultural,Berhampur,Beed,Ahmednagar,Maharashtra,Single,1,Fallow,Borewell,Legal Dispute,M6087,2024-10-12,₹412465,₹1935232,Inheritance,R4341,XXXX-XXXX-4053,OEGPP1876M,09825335848,"H.No. 39, Sood Circle, Ulhasnagar 229363",17.0029,75.7444,Red,Medium,Active,Crop,Unpaid,Dryland,2025-07-09
PLOT036,Aaryahi Malhotra,Priyansh Patil,798/B,621,8.02,Agricultural,Raichur,Sangola,Nashik,Maharashtra,Joint,2,Sugarcane,Rainfed,None,M7689,2021-06-13,₹378311,₹1765742,Inheritance,R9787,XXXX-XXXX-9694,ULFPM7025M,+911892587385,"82, Reddy Path, Mathura 826220",19.7694,75.9123,Alluvial,Medium,Active,Residential,Paid,Under observation,2025-08-13
PLOT037,Raghav Bansal,Nishith Kadam,245/B,978,1.03,Agricultural,Bidhannagar,Beed,Solapur,Maharashtra,Joint,3,Wheat,Canal,Mortgage,M5239,2024-02-19,₹245269,₹1342848,Inheritance,R4560,XXXX-XXXX-1118,BJHPZ1242G,09441437210,"70/366, Bal Ganj, Chandrapur-509926",17.878,75.3025,Sandy,Fertile,Disputed,Crop,Paid,Partially cultivated,2025-04-23
PLOT038,Rania Toor,Tushar Deshmukh,986/C,833,0.89,Agricultural,Firozabad,Pandharpur,Kolhapur,Maharashtra,Single,1,Maize,Rainfed,Legal Dispute,M5589,2021-07-25,₹573130,₹1766119,Inheritance,R1963,XXXX-XXXX-4072,CIWPT9342X,3271253492,"H.No. 361, Tak Road, Maheshtala 025757",18.117,74.8522,Alluvial,Fertile,Disputed,Crop,Unpaid,Partially cultivated,2025-04-11
PLOT039,Zoya Bhasin,Hansh Kadam,130/C,368,8.56,Non-Agricultural,Madanapalle,Rahuri,Ahmednagar,Maharashtra,Single,1,Cotton,Well,Mortgage,M5985,2021-07-12,₹498482,₹1658025,Sale,R2479,XXXX-XXXX-5804,SNCPT5467V,02368596804,"63, Shenoy Circle, Warangal-842649",19.6849,74.5001,Sandy,Fertile,Active,Fallow,Paid,Dryland,2025-07-24
PLOT040,Ishaan Solanki,Mishti Patil,706/B,956,3.52,Agricultural,Delhi,Karmala,Nashik,Maharashtra,Joint,4,Maize,Borewell,Mortgage,M3025,2020-11-30,₹753861,₹1524022,Inheritance,R1687,XXXX-XXXX-5383,KYRPD8322M,7409960012,"17/229, Varughese Zila, Buxar-619018",19.2183,74.2098,Sandy,Medium,Disputed,Residential,Paid,Partially cultivated,2024-12-18
PLOT041,Aayush Dave,Zaina Shinde,534/A,293,5.65,Non-Agricultural,Ratlam,Pandharpur,Pune,Maharashtra,Joint,4,Paddy,Well,Bank Loan,M9742,2022-10-04,₹419559,₹1937540,Sale,R9249,XXXX-XXXX-1890,HCIPD6748H,1241732149,"H.No. 20, Vyas Path, Dhule-142469",18.7426,73.9934,Laterite,Medium,Active,Fallow,Paid,Dryland,2025-04-05
PLOT042,Neelofar Ravi,Azad Shinde,455/C,245,7.66,Agricultural,Meerut,Baramati,Pune,Maharashtra,Joint,3,Sugarcane,Canal,Legal Dispute,M2714,2021-01-17,₹528032,₹1792444,Gift,R9203,XXXX-XXXX-9904,VHTPC9914E,07303261786,"H.No. 187, Biswas, Bathinda-957201",19.3356,74.719,Sandy,Medium,Disputed,Crop,Paid,Dryland,2025-06-20
PLOT043,Shray Agrawal,Inaaya  Deshmukh,155/C,547,2.18,Agricultural,Berhampur,Rahuri,Ahmednagar,Maharashtra,Joint,2,Fallow,Rainfed,None,M5768,2024-01-24,₹487072,₹1625742,Inheritance,R9040,XXXX-XXXX-8854,QSTPF2006A,+918724635530,"940, Sekhon Zila, Hyderabad 422740",17.3908,74.1586,Black Cotton,Fertile,Disputed,Crop,Unpaid,Partially cultivated,2025-01-03
PLOT044,Aniruddh Deo,Rasha Jadhav,852/B,807,4.9,Non-Agricultural,Anantapuram,Sangola,Beed,Maharashtra,Single,1,Cotton,Borewell,Legal Dispute,M3526,2023-08-30,₹607758,₹1293427,Gift,R2184,XXXX-XXXX-4294,WMUPD6068J,+913781488038,"98, Mandal Zila, Amroha 721595",19.3029,74.2075,Alluvial,Fertile,Active,Crop,Unpaid,Dryland,2024-11-06
PLOT045,Ishaan Gopal,Akarsh Kadam,497/B,877,1.32,Non-Agricultural,Tiruppur,Baramati,Pune,Maharashtra,Joint,4,Wheat,Rainfed,None,M3546,2020-11-12,₹764665,₹1473934,Inheritance,R1725,XXXX-XXXX-4507,PUHPF3029K,+917227334683,"616, Solanki Zila, Machilipatnam-918086",19.8247,74.2332,Alluvial,Medium,Disputed,Crop,Unpaid,Dryland,2024-12-10
PLOT046,Aarna Kulkarni,Devansh Shinde,129/C,283,6.9,Non-Agricultural,Malda,Baramati,Ahmednagar,Maharashtra,Joint,4,Fallow,Borewell,Legal Dispute,M8001,2025-02-05,₹405158,₹1337965,Inheritance,R8921,XXXX-XXXX-3057,PMKPR9045W,0842742206,"29/20, Solanki, Faridabad-033749",17.6361,75.9317,Alluvial,Low,Disputed,Crop,Paid,Under observation,2024-11-22
PLOT047,Dhanush Basak,Pihu Kadam,561/C,563,7.01,Agricultural,Jalna,Beed,Kolhapur,Maharashtra,Joint,4,Cotton,Well,None,M6740,2021-11-13,₹297628,₹1098441,Gift,R5512,XXXX-XXXX-4556,ZACPP6526R,3718371754,"90/62, Khalsa Marg, Ongole-336021",18.5511,73.0428,Sandy,Fertile,Disputed,Residential,Paid,Irrigated area,2025-04-05
PLOT048,Ivana Bhandari,Vivaan Deshmukh,548/B,107,1.27,Agricultural,Hubli–Dharwad,Baramati,Beed,Maharashtra,Single,1,Sugarcane,Well,Bank Loan,M2197,2021-09-17,₹399449,₹1775219,Inheritance,R9646,XXXX-XXXX-6654,YXLPU3686G,08351561492,"H.No. 66, Sangha Path, Tadepalligudem-683082",19.1059,74.2734,Red,Medium,Active,Crop,Unpaid,Under observation,2024-12-13
PLOT049,Nakul Gour,Nishith Kadam,751/A,743,6.72,Non-Agricultural,Tadepalligudem,Karjat,Nashik,Maharashtra,Joint,4,Cotton,Well,Bank Loan,M1853,2023-12-05,₹755855,₹1303570,Gift,R2412,XXXX-XXXX-4587,ECPPO7937Z,0194726154,"395, Anand Road, Naihati-608395",17.4678,74.7308,Sandy,Fertile,Disputed,Residential,Unpaid,Under observation,2025-04-25
PLOT050,Miraan Kakar,Ishaan Patil,238/B,348,9.03,Non-Agricultural,Coimbatore,Karjat,Kolhapur,Maharashtra,Joint,2,Sugarcane,Canal,Bank Loan,M3329,2023-07-31,₹353307,₹1563630,Gift,R3739,XXXX-XXXX-4023,WNNPF9976S,02494924066,"16, Gade Marg, Gopalpur 336318",19.4574,73.9683,Black Cotton,Medium,Disputed,Fallow,Paid,Partially cultivated,2025-09-28
PLOT051,Dharmajan Sur,Ayesha Shinde,942/B,726,1.55,Agricultural,Buxar,Karjat,Solapur,Maharashtra,Joint,2,Fallow,Borewell,Bank Loan,M6490,2023-04-17,₹382466,₹1716367,Gift,R5235,XXXX-XXXX-8598,ZPEPJ6328S,00593640339,"H.No. 88, Singhal Marg, Orai-606419",17.6276,75.6846,Laterite,Medium,Active,Residential,Paid,Under observation,2025-09-07
PLOT052,Yuvraj  Kari,Sana Kadam,967/C,145,2.45,Agricultural,Kozhikode,Karjat,Beed,Maharashtra,Single,1,Sugarcane,Well,Legal Dispute,M5552,2025-05-31,₹707961,₹1861670,Inheritance,R3231,XXXX-XXXX-9564,AOWPL7468U,07620774563,"25, Shukla Street, Tadipatri-081752",18.016,74.9984,Black Cotton,Low,Active,Fallow,Paid,Under observation,2025-02-03
PLOT053,Samarth Chandra,Nishith Shinde,982/B,826,1.43,Non-Agricultural,Indore,Pandharpur,Solapur,Maharashtra,Joint,3,Wheat,Canal,Legal Dispute,M3781,2023-05-01,₹589141,₹1640215,Gift,R6694,XXXX-XXXX-9305,NMCPM6927F,04405341288,"518, Soni Street, Jammu 691431",17.8055,74.7047,Alluvial,Low,Active,Residential,Unpaid,Partially cultivated,2025-02-07
PLOT054,Divij Dyal,Nehmat Patil,686/C,531,9.55,Agricultural,Madanapalle,Rahuri,Kolhapur,Maharashtra,Joint,3,Maize,Borewell,Mortgage,M8367,2021-01-04,₹352219,₹1659464,Gift,R5827,XXXX-XXXX-4595,QRQPV1843V,+915774030674,"H.No. 747, Subramaniam, Bongaigaon-127424",19.7581,74.4165,Red,Medium,Disputed,Residential,Unpaid,Under observation,2025-03-05
PLOT055,Pranay Rastogi,Raunak Deshmukh,910/C,421,7.09,Non-Agricultural,Dibrugarh,Karmala,Beed,Maharashtra,Single,1,Fallow,Well,None,M2146,2022-03-10,₹729421,₹1255490,Inheritance,R8172,XXXX-XXXX-3913,TPKPU0458K,05548321586,"391, Sama Path, Fatehpur-501792",18.6729,74.3922,Sandy,Low,Active,Crop,Paid,Under observation,2025-04-20
PLOT056,Oorja Bali,Vritika Patil,877/A,752,4.42,Agricultural,Secunderabad,Karmala,Pune,Maharashtra,Single,1,Wheat,Canal,Legal Dispute,M7412,2023-10-24,₹268002,₹1414147,Sale,R6449,XXXX-XXXX-6879,HYCPU0785C,+913444016788,"H.No. 32, Dara Street, Bhavnagar-622593",18.773,74.8487,Sandy,Low,Active,Fallow,Unpaid,Partially cultivated,2025-06-19
PLOT057,Aarav Dhar,Ayesha Kadam,516/C,874,8.45,Agricultural,Dehri,Karjat,Pune,Maharashtra,Single,1,Soybean,Borewell,Mortgage,M5281,2025-06-13,₹725284,₹1306183,Sale,R2826,XXXX-XXXX-9597,YNTPW0740T,7284683986,"29/92, Gulati Chowk, Nagercoil-332748",19.4889,73.3575,Laterite,Fertile,Active,Residential,Unpaid,Dryland,2025-01-08
PLOT058,Vihaan Lala,Rasha Deshmukh,529/C,300,5.22,Agricultural,Cuttack,Karjat,Pune,Maharashtra,Joint,2,Sugarcane,Borewell,Mortgage,M2532,2021-09-01,₹597475,₹1294833,Gift,R1388,XXXX-XXXX-7483,YOZPW6902N,+913175157361,"679, Chauhan Path, Nashik 704283",19.1066,74.3492,Black Cotton,Fertile,Disputed,Fallow,Unpaid,Under observation,2025-07-13
PLOT059,Shalv Wable,Aarush Shinde,743/C,909,4.95,Non-Agricultural,Giridih,Sangola,Beed,Maharashtra,Single,1,Wheat,Canal,Legal Dispute,M1448,2023-09-24,₹220164,₹1050678,Sale,R6279,XXXX-XXXX-6444,BNBPU3494S,07268050067,"456, Divan Circle, Bally-497480",18.1378,73.6311,Laterite,Fertile,Active,Fallow,Paid,Irrigated area,2024-10-28
PLOT060,Oorja Chand,Farhan Shinde,284/A,945,2.5,Non-Agricultural,Ramagundam,Pandharpur,Beed,Maharashtra,Single,1,Paddy,Canal,None,M9873,2023-09-14,₹357504,₹1692563,Gift,R1184,XXXX-XXXX-8890,IUKPP4320Q,6461141365,"35, Mahal Nagar, Haldia-871062",18.8159,75.1484,Laterite,Low,Active,Crop,Paid,Partially cultivated,2025-02-26
PLOT061,Diya Bumb,Umang Deshmukh,782/A,125,4.57,Agricultural,Nandyal,Karmala,Ahmednagar,Maharashtra,Joint,4,Sugarcane,Rainfed,Mortgage,M4574,2022-07-07,₹324654,₹1676055,Inheritance,R2909,XXXX-XXXX-7618,FJKPU1794T,00485530227,"98, Chaudhry Ganj, Gopalpur 545232",17.6615,75.8437,Sandy,Low,Disputed,Residential,Unpaid,Dryland,2025-04-02
PLOT062,Jayant Mahajan,Yakshit Kadam,908/B,485,4.96,Agricultural,Muzaffarpur,Baramati,Beed,Maharashtra,Single,1,Fallow,Rainfed,Mortgage,M4932,2024-09-20,₹252345,₹1315767,Sale,R7791,XXXX-XXXX-2930,DHMPY6406L,02020922419,"H.No. 77, Kar Zila, Jalandhar 081957",19.8813,74.0037,Black Cotton,Medium,Disputed,Residential,Unpaid,Partially cultivated,2024-11-22
PLOT063,Riaan Vora,Adah Deshmukh,290/B,940,0.65,Non-Agricultural,Orai,Pandharpur,Nashik,Maharashtra,Joint,3,Wheat,Well,Bank Loan,M2941,2022-11-06,₹562809,₹912400,Gift,R5044,XXXX-XXXX-2609,HWZPU3306D,02323117920,"96/241, Zacharia Nagar, Purnia-182205",19.0096,73.5502,Black Cotton,Fertile,Disputed,Residential,Unpaid,Irrigated area,2025-05-14
PLOT064,Zoya Krishnan,Aradhya Jadhav,200/C,317,9.71,Agricultural,Surendranagar Dudhrej,Rahuri,Pune,Maharashtra,Joint,2,Cotton,Well,Bank Loan,M3220,2024-06-22,₹673135,₹1032724,Gift,R4840,XXXX-XXXX-7541,MBPPB9882G,5207839814,"H.No. 813, Trivedi Street, Kota-634191",18.8566,74.9422,Red,Fertile,Active,Residential,Paid,Under observation,2024-11-28
PLOT065,Divyansh Kapoor,Mehul Deshmukh,575/B,697,8.4,Agricultural,Muzaffarpur,Karjat,Solapur,Maharashtra,Single,1,Soybean,Borewell,Bank Loan,M8990,2022-04-17,₹407949,₹1902925,Inheritance,R9027,XXXX-XXXX-9832,ZJGPW3882I,03571774500,"63/20, Dhawan Chowk, Tirunelveli 755964",17.9298,74.3455,Red,Low,Disputed,Crop,Unpaid,Under observation,2025-06-22
PLOT066,Priyansh Walla,Aayush Jadhav,207/A,687,6.24,Agricultural,Siwan,Karmala,Solapur,Maharashtra,Single,1,Sugarcane,Well,Mortgage,M4313,2022-06-22,₹663412,₹1076161,Inheritance,R5009,XXXX-XXXX-7838,VJFPX6982Y,9893857736,"037, Soman, Thanjavur 932974",19.5888,75.554,Alluvial,Medium,Disputed,Fallow,Unpaid,Irrigated area,2025-02-15
PLOT067,Saksham Chana,Yashvi Shinde,469/B,376,5.8,Agricultural,Bongaigaon,Pandharpur,Pune,Maharashtra,Joint,3,Paddy,Rainfed,Legal Dispute,M1356,2023-12-18,₹408628,₹1483948,Inheritance,R7241,XXXX-XXXX-7446,RGJPA5290M,+914977478394,"H.No. 59, Bail Road, Shivpuri 575405",18.337,75.7703,Black Cotton,Low,Active,Fallow,Unpaid,Irrigated area,2025-01-01
PLOT068,Mannat Garg,Devansh Deshmukh,376/B,716,3.7,Non-Agricultural,Aurangabad,Pandharpur,Kolhapur,Maharashtra,Single,1,Paddy,Canal,Bank Loan,M5640,2022-03-11,₹754788,₹1710307,Inheritance,R7104,XXXX-XXXX-5837,MPSPM6700L,0267969797,"60/06, Suresh, Bidhannagar-863633",19.5671,73.1985,Red,Low,Active,Fallow,Unpaid,Under observation,2025-03-30
PLOT069,Mishti Mander,Suhana Kadam,662/C,880,2.03,Non-Agricultural,Anantapuram,Sangola,Pune,Maharashtra,Single,1,Sugarcane,Borewell,None,M2048,2025-06-23,₹503116,₹1755036,Sale,R2990,XXXX-XXXX-8528,YORPL3899O,07289739898,"358, Butala Marg, Belgaum-642582",18.0535,74.4456,Alluvial,Low,Active,Residential,Unpaid,Under observation,2025-08-28
PLOT070,Kiara Tata,Badal Patil,369/B,319,4.93,Non-Agricultural,Nashik,Baramati,Pune,Maharashtra,Single,1,Fallow,Rainfed,None,M6734,2021-01-21,₹588504,₹1710793,Sale,R4146,XXXX-XXXX-2202,KXNPO3106U,1739470723,"00/799, Dhawan Circle, Hazaribagh 040100",19.3873,74.2598,Laterite,Medium,Active,Crop,Unpaid,Dryland,2025-10-05
PLOT071,Eva Boase,Sana Jadhav,260/B,590,3.64,Non-Agricultural,Karaikudi,Karjat,Kolhapur,Maharashtra,Single,1,Paddy,Canal,Legal Dispute,M7183,2022-12-01,₹310422,₹1711815,Sale,R7476,XXXX-XXXX-5163,FHBPO9033F,+911221476883,"802, Khalsa Chowk, Hajipur 551666",19.4992,74.3202,Black Cotton,Low,Disputed,Fallow,Unpaid,Under observation,2024-11-12
PLOT072,Samiha Chandran,Romil Patil,821/B,529,7.81,Agricultural,Miryalaguda,Karmala,Solapur,Maharashtra,Single,1,Cotton,Borewell,Mortgage,M4735,2024-09-11,₹217050,₹1107276,Inheritance,R8671,XXXX-XXXX-2068,LESPO9327A,04370461128,"H.No. 343, Vasa, Nanded 504788",18.4461,73.8057,Black Cotton,Low,Active,Crop,Unpaid,Irrigated area,2024-10-28
PLOT073,Fateh Bhardwaj,Rati Jadhav,571/B,761,4.44,Agricultural,Navi Mumbai,Baramati,Solapur,Maharashtra,Single,1,Fallow,Canal,Bank Loan,M1045,2023-11-05,₹570680,₹1747532,Sale,R3013,XXXX-XXXX-7694,XMQPH2845B,04469077714,"21/495, Grewal Ganj, Vijayanagaram 753674",17.6123,75.1659,Laterite,Fertile,Disputed,Residential,Paid,Dryland,2025-01-10
PLOT074,Hridaan Yadav,Kanav Shinde,509/C,758,9.43,Agricultural,Pimpri-Chinchwad,Sangola,Solapur,Maharashtra,Joint,3,Wheat,Canal,Legal Dispute,M5348,2023-05-10,₹790546,₹1757883,Inheritance,R1493,XXXX-XXXX-6443,CUFPG5863F,+912891686661,"H.No. 700, Sundaram Road, Mira-Bhayandar-668368",18.0771,74.2433,Red,Fertile,Active,Crop,Unpaid,Irrigated area,2025-05-26
PLOT075,Bhamini Mann,Shaan Patil,841/B,852,5.56,Agricultural,Jamshedpur,Pandharpur,Kolhapur,Maharashtra,Joint,3,Wheat,Canal,None,M6098,2020-10-14,₹700205,₹1625580,Inheritance,R2253,XXXX-XXXX-1526,KHBPH2848G,6667486611,"50/88, Tripathi Street, Sultan Pur Majra 039900",17.9517,75.5772,Alluvial,Fertile,Active,Fallow,Unpaid,Irrigated area,2025-02-22
PLOT076,Tara Mall,Lagan Kadam,422/B,529,9.68,Non-Agricultural,Kumbakonam,Sangola,Nashik,Maharashtra,Single,1,Maize,Borewell,Legal Dispute,M5411,2021-02-01,₹584676,₹1334575,Gift,R4047,XXXX-XXXX-8551,JAKPW1572R,4006144318,"15, Gaba Chowk, Ratlam-509515",18.6124,74.3605,Laterite,Medium,Active,Fallow,Paid,Irrigated area,2024-12-01
PLOT077,Zara Dara,Hiran Jadhav,949/C,236,9.7,Non-Agricultural,Burhanpur,Karjat,Ahmednagar,Maharashtra,Single,1,Paddy,Borewell,None,M2575,2021-10-05,₹366168,₹1547097,Inheritance,R4231,XXXX-XXXX-3584,ECAPR6463S,07030964078,"446, Contractor Nagar, Kurnool 274905",18.1154,73.8482,Alluvial,Low,Active,Crop,Paid,Dryland,2024-11-26
PLOT078,Saira Kapur,Purab Kadam,247/A,534,3.18,Agricultural,Coimbatore,Pandharpur,Nashik,Maharashtra,Single,1,Cotton,Borewell,Bank Loan,M6875,2020-11-19,₹632660,₹1749375,Inheritance,R3973,XXXX-XXXX-9975,YBIPY7829T,+913501361756,"02/24, Sahota, Delhi 175493",18.1286,74.3866,Red,Low,Active,Fallow,Paid,Irrigated area,2025-05-15
PLOT079,Ivana Bahri,Nayantara Deshmukh,613/C,573,6.4,Agricultural,Pudukkottai,Sangola,Kolhapur,Maharashtra,Joint,4,Cotton,Borewell,Legal Dispute,M4632,2021-02-02,₹761272,₹1973225,Gift,R5904,XXXX-XXXX-9352,DLRPI7611E,+914132785152,"34, Atwal Nagar, Bahraich-494274",17.2218,73.4813,Sandy,Medium,Active,Residential,Paid,Under observation,2025-02-10
PLOT080,Sara Gill,Myra Deshmukh,326/C,823,5.88,Non-Agricultural,Muzaffarnagar,Beed,Ahmednagar,Maharashtra,Single,1,Cotton,Well,Mortgage,M6346,2024-03-11,₹493728,₹1227839,Gift,R4732,XXXX-XXXX-6868,XARPK6566C,0543914633,"45/589, Kanda Path, Mirzapur 333257",19.7344,74.2842,Black Cotton,Medium,Disputed,Residential,Unpaid,Irrigated area,2025-06-09
PLOT081,Kanav Kohli,Bhamini Jadhav,803/A,122,3.45,Non-Agricultural,Jalna,Karjat,Solapur,Maharashtra,Joint,3,Sugarcane,Well,Bank Loan,M1243,2025-01-03,₹318139,₹1258754,Sale,R1240,XXXX-XXXX-4902,JZOPW9545Q,01461471210,"37/24, Shroff, Howrah 270162",18.5016,75.7375,Sandy,Medium,Active,Crop,Unpaid,Dryland,2025-07-30
PLOT082,Vedika Rattan,Kartik Deshmukh,408/C,885,2.56,Agricultural,Jodhpur,Rahuri,Pune,Maharashtra,Single,1,Soybean,Borewell,Legal Dispute,M6421,2023-07-07,₹446134,₹1054159,Sale,R3498,XXXX-XXXX-5754,QDQPU4271Q,+915913581436,"H.No. 62, Arora Path, Serampore 238695",18.5331,74.318,Black Cotton,Fertile,Disputed,Fallow,Unpaid,Under observation,2024-10-27
PLOT083,Prerak Bhat,Ishita Patil,907/C,827,5.89,Agricultural,Pali,Pandharpur,Nashik,Maharashtra,Joint,3,Fallow,Well,Legal Dispute,M7306,2023-01-13,₹341583,₹1261525,Sale,R5080,XXXX-XXXX-3775,CEZPD4446Z,+918481509554,"H.No. 34, Ramesh Ganj, Jodhpur-873841",19.3463,75.0395,Sandy,Medium,Disputed,Crop,Unpaid,Under observation,2025-09-15
PLOT084,Gatik Wason,Shamik Deshmukh,150/B,842,8.08,Agricultural,Meerut,Beed,Kolhapur,Maharashtra,Joint,2,Fallow,Canal,Bank Loan,M7979,2021-01-21,₹334191,₹1881926,Inheritance,R6914,XXXX-XXXX-7492,XQPPJ5116M,9536550932,"17, Sanghvi Nagar, Malegaon-514628",19.0529,74.5845,Laterite,Fertile,Active,Fallow,Unpaid,Under observation,2025-09-12
PLOT085,Samarth Sampath,Kiaan Kadam,786/C,292,8.67,Agricultural,Nashik,Rahuri,Ahmednagar,Maharashtra,Single,1,Maize,Borewell,Mortgage,M7576,2024-02-09,₹513417,₹1405968,Gift,R5830,XXXX-XXXX-6104,QRIPN8036F,02017058293,"H.No. 845, Dixit, Faridabad 292632",18.7586,74.2632,Alluvial,Fertile,Active,Crop,Paid,Irrigated area,2024-11-10
PLOT086,Ranbir Ahuja,Rohan Patil,709/C,803,3.49,Agricultural,Davanagere,Sangola,Pune,Maharashtra,Joint,2,Soybean,Canal,None,M5532,2022-07-03,₹498169,₹1629700,Gift,R3749,XXXX-XXXX-1502,LEIPE4282Q,07593771697,"99/95, Sarma Zila, Patiala 892215",19.5605,75.1234,Sandy,Low,Disputed,Residential,Unpaid,Under observation,2025-04-02
PLOT087,Madhav Vora,Sana Deshmukh,778/C,939,2.4,Agricultural,Panipat,Rahuri,Nashik,Maharashtra,Joint,4,Maize,Rainfed,Bank Loan,M8335,2023-09-25,₹360962,₹1425761,Inheritance,R7823,XXXX-XXXX-3519,KABPY5523X,00740861794,"28/747, Suresh Chowk, Tinsukia 821568",17.5191,73.7703,Laterite,Low,Active,Crop,Paid,Irrigated area,2025-09-15
PLOT088,Amani Chaudhary,Saanvi Deshmukh,529/A,623,4.49,Agricultural,Tinsukia,Baramati,Kolhapur,Maharashtra,Single,1,Sugarcane,Borewell,Mortgage,M8220,2024-06-13,₹743611,₹1218060,Sale,R2731,XXXX-XXXX-9140,WTGPB3885X,06474719430,"60, Rana Nagar, Eluru-129991",18.9394,73.3857,Red,Low,Disputed,Residential,Paid,Under observation,2025-08-22
PLOT089,Chirag Randhawa,Aarav Deshmukh,198/A,791,5.03,Non-Agricultural,Ghaziabad,Baramati,Kolhapur,Maharashtra,Joint,2,Wheat,Rainfed,Mortgage,M4159,2022-07-04,₹344322,₹1682500,Gift,R9780,XXXX-XXXX-2642,TKFPL2709U,9379791488,"96, Sandal Nagar, Motihari 672562",19.0839,73.0516,Sandy,Low,Active,Residential,Paid,Irrigated area,2025-08-26
PLOT090,Riya Mani,Mohanlal Shinde,769/B,197,8.9,Agricultural,Dehradun,Baramati,Beed,Maharashtra,Joint,2,Maize,Canal,Legal Dispute,M9381,2025-10-02,₹344173,₹935080,Gift,R7462,XXXX-XXXX-5903,UPGPB3357T,+918983277264,"H.No. 72, Tiwari Chowk, Lucknow-691444",18.7735,73.4893,Sandy,Low,Disputed,Residential,Unpaid,Irrigated area,2025-05-03
PLOT091,Siya Sane,Shlok Deshmukh,326/B,168,0.53,Agricultural,Bhagalpur,Rahuri,Pune,Maharashtra,Joint,4,Fallow,Rainfed,Legal Dispute,M8993,2022-04-25,₹600125,₹1030581,Inheritance,R2269,XXXX-XXXX-3937,DKIPO8054F,04486365570,"446, Bir Chowk, Jodhpur 596089",17.8829,73.3695,Black Cotton,Fertile,Disputed,Residential,Unpaid,Dryland,2025-06-20
PLOT092,Miraan Krishnamurthy,Dharmajan Shinde,611/C,214,2.76,Agricultural,Sambalpur,Pandharpur,Ahmednagar,Maharashtra,Single,1,Wheat,Canal,Mortgage,M1593,2025-09-27,₹670801,₹914001,Sale,R7004,XXXX-XXXX-3501,YSZPP9173R,03253429842,"66/69, Kurian Road, Kolhapur 035576",17.4298,75.1171,Alluvial,Fertile,Active,Residential,Unpaid,Irrigated area,2024-10-14
PLOT093,Ishaan Bakshi,Fateh Jadhav,687/B,489,5.39,Non-Agricultural,Sri Ganganagar,Karjat,Solapur,Maharashtra,Single,1,Paddy,Well,None,M4961,2025-08-31,₹336721,₹1257633,Sale,R8703,XXXX-XXXX-9727,LKXPS1876G,00707821680,"797, Rau Circle, Jhansi 395778",17.7655,74.0498,Alluvial,Fertile,Disputed,Residential,Paid,Partially cultivated,2025-05-25
PLOT094,Elakshi Mahajan,Mannat Jadhav,512/C,200,2.45,Agricultural,Tiruvottiyur,Rahuri,Beed,Maharashtra,Single,1,Paddy,Canal,Mortgage,M3671,2023-07-21,₹343549,₹1897595,Inheritance,R2324,XXXX-XXXX-8815,AWZPD9423F,06516190489,"54/685, Raman Chowk, Hosur-676119",18.1591,73.9922,Laterite,Medium,Active,Fallow,Unpaid,Dryland,2024-10-08
PLOT095,Tara Venkatesh,Tarini Shinde,993/B,296,9.13,Agricultural,Ongole,Baramati,Solapur,Maharashtra,Single,1,Sugarcane,Well,Legal Dispute,M7654,2022-06-30,₹796797,₹1268143,Gift,R2966,XXXX-XXXX-6660,KDRPA5347J,7163792720,"693, Rajagopalan Nagar, Singrauli 782316",19.2683,74.6627,Red,Medium,Disputed,Crop,Paid,Under observation,2024-12-10
PLOT096,Aradhya Dani,Divyansh Patil,710/B,579,8.11,Agricultural,Bokaro,Karjat,Nashik,Maharashtra,Single,1,Maize,Borewell,Mortgage,M3511,2023-10-08,₹289941,₹1142935,Sale,R7709,XXXX-XXXX-4693,FQMPB1387D,7586859420,"818, Bhakta Zila, Dhanbad-954407",17.3405,75.3492,Laterite,Fertile,Active,Crop,Unpaid,Irrigated area,2024-12-20
PLOT097,Taimur Mander,Zain Kadam,953/B,984,0.83,Agricultural,Srinagar,Beed,Solapur,Maharashtra,Single,1,Cotton,Well,Bank Loan,M1001,2022-07-23,₹444941,₹901637,Sale,R4278,XXXX-XXXX-5697,SQXPL5013P,2452013268,"989, Vasa Nagar, Allahabad-548440",19.8565,73.1757,Alluvial,Low,Active,Residential,Paid,Under observation,2025-08-21
PLOT098,Samaira Din,Ela Deshmukh,499/C,829,9.52,Non-Agricultural,Narasaraopet,Rahuri,Kolhapur,Maharashtra,Single,1,Soybean,Well,Bank Loan,M9030,2024-03-18,₹498923,₹1006300,Inheritance,R5057,XXXX-XXXX-1124,KEMPU3761K,+910893663357,"56/56, Bajwa Chowk, Nizamabad 491744",19.1461,75.4097,Red,Medium,Disputed,Crop,Paid,Under observation,2025-03-28
PLOT099,Umang Barad,Shalv Patil,383/C,457,5.13,Non-Agricultural,Jalandhar,Rahuri,Ahmednagar,Maharashtra,Joint,2,Cotton,Well,None,M7563,2022-09-28,₹584132,₹951077,Gift,R9325,XXXX-XXXX-2031,UUMPK5101C,+916054602363,"37/445, Balan Marg, Bhatpara 226524",17.4047,73.7034,Sandy,Medium,Active,Fallow,Paid,Under observation,2025-05-28
PLOT100,Yashvi Sura,Eshani Kadam,781/B,968,1.73,Agricultural,Bhiwani,Baramati,Ahmednagar,Maharashtra,Single,1,Maize,Canal,None,M9568,2025-07-25,₹202095,₹1088201,Gift,R9345,XXXX-XXXX-9297,FOTPK2911Y,5590740544,"H.No. 600, Yohannan Road, Durgapur 157807",17.3895,74.308,Sandy,Medium,Active,Crop,Unpaid,Under observation,2025-07-06
PLOT101,Damini Sama,Adira Patil,489/B,883,9.49,Non-Agricultural,Muzaffarpur,Karjat,Pune,Maharashtra,Single,1,Fallow,Well,Legal Dispute,M8596,2021-12-30,₹304739,₹1102066,Sale,R3517,XXXX-XXXX-4431,PCGPA3104S,07770581662,"80/11, Ravi Marg, Ambattur 815994",18.7751,74.643,Red,Medium,Active,Residential,Paid,Under observation,2025-03-05
PLOT102,Shlok Viswanathan,Mishti Deshmukh,817/A,352,5.47,Agricultural,Bhind,Rahuri,Pune,Maharashtra,Single,1,Maize,Rainfed,Bank Loan,M9767,2022-05-13,₹594332,₹1613573,Gift,R1959,XXXX-XXXX-6449,SKVPH7823P,7982347450,"04, Iyer, Rampur 217853",17.3451,74.3177,Red,Medium,Disputed,Crop,Unpaid,Partially cultivated,2025-01-11
PLOT103,Samarth Gola,Manjari Kadam,859/B,946,1.53,Agricultural,Bellary,Karjat,Kolhapur,Maharashtra,Single,1,Sugarcane,Canal,Bank Loan,M8834,2023-10-22,₹322310,₹1010731,Sale,R8783,XXXX-XXXX-7190,WOEPH7267X,+910405242330,"96/475, Goyal Street, Nanded 579373",17.4606,75.3049,Alluvial,Fertile,Disputed,Residential,Paid,Partially cultivated,2025-01-21
PLOT104,Ahana  Bera,Urvi Jadhav,934/C,529,6.87,Non-Agricultural,Kamarhati,Rahuri,Nashik,Maharashtra,Joint,2,Fallow,Well,None,M9088,2021-03-11,₹515877,₹1150802,Sale,R2138,XXXX-XXXX-1888,JNOPB0790Y,09367918784,"H.No. 03, Wadhwa Marg, Sikar 496768",19.1794,73.3817,Laterite,Fertile,Disputed,Crop,Unpaid,Irrigated area,2024-12-19
PLOT105,Dhruv Bumb,Aradhya Patil,545/B,681,6.62,Agricultural,Gangtok,Rahuri,Beed,Maharashtra,Single,1,Sugarcane,Well,Bank Loan,M4074,2023-04-02,₹690104,₹1835457,Gift,R8055,XXXX-XXXX-1443,CIWPO8065T,+916844924867,"H.No. 522, Raj Street, Ongole 528338",19.3154,74.3896,Laterite,Fertile,Disputed,Fallow,Unpaid,Irrigated area,2024-12-08
PLOT106,Dhanuk Yadav,Akarsh Kadam,313/C,840,3.07,Agricultural,Bhalswa Jahangir Pur,Karmala,Beed,Maharashtra,Joint,2,Sugarcane,Well,Legal Dispute,M1991,2022-11-06,₹654037,₹959941,Sale,R2187,XXXX-XXXX-1454,VTYPB9501Z,7809184987,"H.No. 36, Dhillon Marg, Tiruvottiyur-740202",19.7447,73.084,Red,Fertile,Disputed,Residential,Unpaid,Dryland,2025-02-21
PLOT107,Aradhya Keer,Tejas Patil,585/C,757,6.98,Non-Agricultural,Hosur,Sangola,Pune,Maharashtra,Joint,4,Wheat,Canal,None,M4686,2022-07-12,₹271240,₹1929456,Sale,R9938,XXXX-XXXX-6708,WRVPE1221U,01268460308,"45, Sha, Singrauli 692145",18.1184,75.5778,Sandy,Low,Active,Fallow,Unpaid,Partially cultivated,2024-11-18
PLOT108,Yuvraj  Krish,Bhavin Jadhav,565/B,923,9.08,Agricultural,Rajpur Sonarpur,Karmala,Ahmednagar,Maharashtra,Joint,3,Paddy,Well,Legal Dispute,M4672,2025-04-16,₹641232,₹1632478,Sale,R1946,XXXX-XXXX-5018,REBPL7522G,5592442207,"284, Chaudry Ganj, Unnao 966036",18.0563,75.8141,Laterite,Medium,Active,Crop,Unpaid,Under observation,2025-02-14
PLOT109,Sahil Yadav,Ranbir Shinde,884/A,915,3.85,Non-Agricultural,Kakinada,Pandharpur,Solapur,Maharashtra,Single,1,Paddy,Canal,Mortgage,M6904,2021-12-20,₹470027,₹1435113,Inheritance,R3109,XXXX-XXXX-7723,SJOPD4247Y,9000579115,"98/73, Varughese, Begusarai 824178",19.6086,74.5881,Laterite,Fertile,Disputed,Residential,Paid,Dryland,2025-10-03
PLOT110,Trisha Doctor,Fateh Shinde,358/A,760,1.87,Agricultural,Mahbubnagar,Sangola,Nashik,Maharashtra,Joint,2,Cotton,Borewell,Legal Dispute,M3375,2022-12-17,₹415747,₹1851928,Inheritance,R3194,XXXX-XXXX-9081,BRUPI0050I,02002529336,"H.No. 88, Sandhu Ganj, Jamnagar-089836",18.722,74.8209,Laterite,Low,Active,Fallow,Unpaid,Irrigated area,2025-09-20
PLOT111,Umang Ratti,Navya Patil,146/B,885,6.42,Agricultural,Amravati,Baramati,Nashik,Maharashtra,Single,1,Cotton,Canal,Bank Loan,M7439,2025-03-31,₹497268,₹1007872,Gift,R2688,XXXX-XXXX-6235,FNPPC3867Q,+917399138190,"H.No. 66, Lad Zila, Mirzapur-988975",18.4953,73.7854,Laterite,Fertile,Disputed,Crop,Paid,Under observation,2025-02-15
PLOT112,Krish Gara,Lakshay Shinde,908/A,829,2.82,Non-Agricultural,Srinagar,Beed,Nashik,Maharashtra,Single,1,Soybean,Canal,Bank Loan,M5529,2025-03-13,₹333852,₹1080946,Gift,R9156,XXXX-XXXX-3652,WRYPF3113T,4866257431,"16, Magar Circle, Udaipur-652874",19.4902,73.7927,Black Cotton,Fertile,Active,Crop,Unpaid,Partially cultivated,2025-03-05
PLOT113,Nitara Tara,Farhan Patil,120/B,907,1.86,Non-Agricultural,Kolkata,Beed,Nashik,Maharashtra,Joint,2,Wheat,Canal,Legal Dispute,M9382,2025-03-23,₹516753,₹1320479,Inheritance,R2413,XXXX-XXXX-4086,AFWPU7922O,+919166647861,"05, Kumer Road, Anantapur-934418",18.4765,73.6656,Black Cotton,Fertile,Active,Residential,Unpaid,Irrigated area,2025-04-15
PLOT114,Veer Kamdar,Amira Shinde,850/A,133,4.03,Agricultural,Ichalkaranji,Karjat,Ahmednagar,Maharashtra,Joint,2,Fallow,Rainfed,Bank Loan,M4718,2020-10-23,₹222130,₹1336552,Sale,R7619,XXXX-XXXX-6438,DFMPO5495W,9200080174,"70, Bera Chowk, Jammu-446606",18.3193,74.3983,Alluvial,Fertile,Active,Crop,Paid,Irrigated area,2025-04-23
PLOT115,Faiyaz Dada,Inaaya  Patil,321/A,785,7.56,Agricultural,Bangalore,Sangola,Pune,Maharashtra,Joint,2,Soybean,Borewell,Mortgage,M6937,2021-08-07,₹608294,₹1068834,Inheritance,R5496,XXXX-XXXX-2149,XKCPQ4945W,07038617994,"H.No. 498, Andra, Bokaro-350783",17.0135,75.6341,Sandy,Medium,Active,Residential,Unpaid,Irrigated area,2025-05-07
PLOT116,Aayush Buch,Ivana Shinde,519/A,546,2.58,Agricultural,Bardhaman,Karmala,Solapur,Maharashtra,Joint,3,Cotton,Rainfed,Mortgage,M8872,2024-09-22,₹511534,₹1100739,Gift,R1943,XXXX-XXXX-3135,NTKPO1108K,08244673017,"16, Buch Zila, Jaipur-984671",18.3087,74.4703,Black Cotton,Medium,Active,Crop,Unpaid,Partially cultivated,2025-02-22
PLOT117,Sara Shan,Onkar Kadam,584/C,338,4.36,Agricultural,Karnal,Baramati,Pune,Maharashtra,Joint,3,Fallow,Canal,Bank Loan,M8657,2021-10-14,₹247221,₹1829435,Gift,R2456,XXXX-XXXX-7824,DNGPY4935S,+913614263184,"70, Devan Circle, Moradabad-510343",18.6423,73.4569,Laterite,Fertile,Disputed,Fallow,Paid,Under observation,2025-06-10
PLOT118,Kartik Char,Aaina Jadhav,763/C,791,7.53,Agricultural,Pondicherry,Karjat,Pune,Maharashtra,Single,1,Fallow,Canal,None,M9417,2021-12-09,₹770006,₹1614942,Inheritance,R6228,XXXX-XXXX-1053,LQGPL7491G,+917812247731,"99/47, Subramaniam Zila, Jaunpur 991800",18.6822,75.3108,Alluvial,Medium,Active,Crop,Unpaid,Under observation,2025-09-13
PLOT119,Anay Bhasin,Diya Shinde,293/A,580,3.27,Agricultural,Siliguri,Baramati,Solapur,Maharashtra,Joint,3,Soybean,Borewell,Bank Loan,M9514,2025-01-12,₹764046,₹1157850,Sale,R3009,XXXX-XXXX-7076,FBRPA1008I,06092930908,"20/77, Khosla Street, Aurangabad 091945",17.3359,74.4011,Black Cotton,Fertile,Disputed,Crop,Unpaid,Partially cultivated,2025-06-01
PLOT120,Rhea Kibe,Heer Shinde,304/C,962,2.47,Non-Agricultural,Gulbarga,Karjat,Pune,Maharashtra,Joint,4,Wheat,Canal,Legal Dispute,M8086,2025-06-12,₹588839,₹1190912,Sale,R1367,XXXX-XXXX-6798,NOAPP1651V,07102472884,"51/21, Chhabra Street, Kolhapur-834633",17.8851,74.8088,Laterite,Fertile,Disputed,Fallow,Unpaid,Under observation,2025-03-26
PLOT121,Ehsaan Chandran,Fateh Kadam,976/B,904,3.37,Non-Agricultural,Surat,Karmala,Beed,Maharashtra,Joint,3,Cotton,Borewell,Mortgage,M5958,2025-04-19,₹605069,₹1454732,Sale,R4986,XXXX-XXXX-3802,HKPPR7904R,7223217113,"65/06, Kala Path, New Delhi-109110",18.6472,75.3967,Black Cotton,Low,Disputed,Fallow,Unpaid,Under observation,2025-04-14
PLOT122,Krish Swamy,Anika Deshmukh,602/C,625,9.05,Non-Agricultural,Maheshtala,Rahuri,Ahmednagar,Maharashtra,Joint,2,Cotton,Canal,Bank Loan,M4290,2020-12-01,₹422231,₹1741317,Gift,R6686,XXXX-XXXX-1693,UDNPG5807O,08301442800,"42/89, Babu Zila, Madurai-535830",19.7405,73.3807,Red,Low,Disputed,Crop,Unpaid,Under observation,2025-04-02
PLOT123,Veer Sami,Tarini Kadam,863/B,730,2.36,Agricultural,Siwan,Rahuri,Kolhapur,Maharashtra,Single,1,Sugarcane,Well,Bank Loan,M1747,2025-08-19,₹507877,₹1576801,Sale,R8439,XXXX-XXXX-1445,OWAPB4611O,07965033903,"49/18, Goswami Ganj, Serampore 998862",17.4786,75.607,Sandy,Low,Active,Residential,Unpaid,Dryland,2025-08-19
PLOT124,Ranbir Chandran,Tejas Shinde,578/C,559,1.27,Non-Agricultural,Bareilly,Beed,Solapur,Maharashtra,Single,1,Cotton,Well,None,M5232,2024-03-29,₹370566,₹1541805,Gift,R9504,XXXX-XXXX-3968,EMWPU4991E,9368987280,"H.No. 09, Savant Ganj, Nandyal 503695",18.0826,73.13,Alluvial,Fertile,Disputed,Residential,Unpaid,Dryland,2024-12-01
PLOT125,Hiran Dutta,Anahita Kadam,835/C,567,2.54,Agricultural,Sasaram,Pandharpur,Beed,Maharashtra,Joint,3,Cotton,Rainfed,Legal Dispute,M4558,2021-06-26,₹760223,₹1259627,Gift,R8670,XXXX-XXXX-4294,HWSPX8864L,06185131880,"H.No. 677, Bandi Nagar, Mehsana 527483",17.006,75.8411,Red,Fertile,Active,Fallow,Paid,Irrigated area,2025-02-14
PLOT126,Ivan Hayre,Himmat Kadam,414/B,630,3.61,Non-Agricultural,Vasai-Virar,Rahuri,Kolhapur,Maharashtra,Single,1,Soybean,Well,Mortgage,M2550,2022-11-03,₹323433,₹1230439,Sale,R2124,XXXX-XXXX-8197,CMAPT0664F,6899005665,"550, Kakar Path, Kharagpur 017525",19.7473,75.6733,Laterite,Low,Active,Fallow,Paid,Irrigated area,2025-07-10
PLOT127,Aaryahi Bhagat,Mehul Kadam,507/C,225,5.48,Non-Agricultural,Gandhinagar,Rahuri,Kolhapur,Maharashtra,Joint,3,Soybean,Canal,Mortgage,M5250,2022-10-31,₹736042,₹956047,Inheritance,R8951,XXXX-XXXX-9493,EZXPL3379F,4462741729,"67/73, Sem Zila, Naihati-879278",18.9305,75.3576,Laterite,Medium,Active,Residential,Paid,Dryland,2024-12-07
PLOT128,Neelofar Atwal,Kaira Deshmukh,961/C,123,8.91,Non-Agricultural,Saharanpur,Sangola,Pune,Maharashtra,Joint,3,Paddy,Borewell,None,M6040,2021-02-12,₹561780,₹1596451,Gift,R3733,XXXX-XXXX-6789,YWCPW2541E,03509800032,"00, Thaker, Purnia 668437",17.7782,75.8988,Red,Fertile,Disputed,Crop,Unpaid,Under observation,2024-12-15
PLOT129,Pihu Seth,Indrajit Deshmukh,944/A,487,1.3,Agricultural,Erode,Beed,Solapur,Maharashtra,Joint,2,Soybean,Borewell,Legal Dispute,M7998,2022-03-05,₹738989,₹1325655,Inheritance,R3608,XXXX-XXXX-2209,TNJPJ7899Z,+918263596985,"72, Seshadri Road, Bhalswa Jahangir Pur-288786",17.798,75.406,Alluvial,Medium,Active,Residential,Unpaid,Under observation,2025-03-04
PLOT130,Neysa Borde,Hazel Kadam,904/C,991,8.7,Non-Agricultural,Nadiad,Sangola,Ahmednagar,Maharashtra,Joint,3,Cotton,Borewell,Bank Loan,M5982,2021-12-02,₹744151,₹1812850,Sale,R4240,XXXX-XXXX-8093,SESPB5847L,0798532428,"H.No. 51, Tandon Chowk, Suryapet-923072",19.5937,73.0914,Alluvial,Low,Disputed,Crop,Unpaid,Irrigated area,2025-09-19
PLOT131,Seher Bhandari,Ishita Kadam,656/C,473,2.27,Agricultural,Madhyamgram,Karjat,Kolhapur,Maharashtra,Joint,3,Cotton,Rainfed,Bank Loan,M8609,2023-10-24,₹580505,₹1750009,Sale,R3819,XXXX-XXXX-1685,UFDPC1885D,03357706582,"98/69, Bera Ganj, Kamarhati-566199",19.1976,73.846,Laterite,Medium,Active,Residential,Unpaid,Partially cultivated,2025-05-16
PLOT132,Zeeshan Singh,Mahika Kadam,831/B,127,3.57,Agricultural,Berhampore,Sangola,Kolhapur,Maharashtra,Joint,4,Fallow,Canal,Legal Dispute,M2186,2021-05-22,₹639865,₹905005,Sale,R9103,XXXX-XXXX-2720,ZFWPI6321X,9080977893,"05, Khanna Marg, Karimnagar 389988",19.2444,75.5864,Alluvial,Medium,Active,Crop,Paid,Dryland,2024-10-28
PLOT133,Trisha Lata,Yasmin Kadam,236/C,487,0.66,Agricultural,Anantapuram,Baramati,Nashik,Maharashtra,Joint,3,Maize,Rainfed,Bank Loan,M3613,2023-04-24,₹726826,₹1850506,Inheritance,R7241,XXXX-XXXX-2577,DZIPL2406B,+910318292999,"389, Ramachandran Marg, Darbhanga 144638",18.026,75.5847,Black Cotton,Low,Disputed,Fallow,Paid,Irrigated area,2025-07-11
PLOT134,Mohanlal Deo,Kismat Kadam,804/C,416,5.43,Non-Agricultural,Chittoor,Rahuri,Ahmednagar,Maharashtra,Single,1,Fallow,Rainfed,Bank Loan,M9773,2023-08-20,₹262064,₹1731086,Gift,R6903,XXXX-XXXX-4728,OFYPQ7989J,7365594229,"53/445, Bir Zila, Jorhat 692395",19.6549,74.278,Red,Medium,Active,Residential,Paid,Under observation,2025-01-11
PLOT135,Seher Sura,Parinaaz Shinde,926/B,794,6.79,Agricultural,Giridih,Pandharpur,Solapur,Maharashtra,Single,1,Maize,Borewell,Bank Loan,M5499,2023-07-24,₹229244,₹1349521,Sale,R3061,XXXX-XXXX-1907,OUTPD1478H,+914000190854,"18, Dhar Marg, Udupi-276755",17.5564,74.2538,Red,Medium,Disputed,Fallow,Paid,Irrigated area,2025-01-22
PLOT136,Dhanush Vala,Darshit Deshmukh,788/A,198,6.65,Agricultural,Satara,Rahuri,Nashik,Maharashtra,Joint,3,Fallow,Borewell,None,M2589,2023-10-03,₹759133,₹1290346,Inheritance,R9950,XXXX-XXXX-3797,OQBPW6540T,02548792205,"36/47, Rao Ganj, Jalgaon-301989",19.5005,75.4486,Red,Fertile,Active,Fallow,Paid,Dryland,2025-01-11
PLOT137,Divyansh Gulati,Chirag Kadam,694/C,192,4.79,Non-Agricultural,Cuttack,Pandharpur,Beed,Maharashtra,Single,1,Cotton,Well,Legal Dispute,M5886,2020-11-15,₹308508,₹1326682,Gift,R3136,XXXX-XXXX-1357,PMAPC6612L,1809072522,"34/49, Sharma Chowk, Nagaon 341996",17.2217,75.0423,Black Cotton,Medium,Active,Fallow,Unpaid,Partially cultivated,2025-08-22
PLOT138,Hazel Gour,Saanvi Shinde,404/A,774,2.41,Agricultural,Jamalpur,Pandharpur,Ahmednagar,Maharashtra,Joint,3,Fallow,Rainfed,Mortgage,M7421,2021-09-30,₹410802,₹1250881,Inheritance,R3894,XXXX-XXXX-8495,SFVPZ2158L,+914642408425,"86/58, Sandhu Street, Dharmavaram 856919",19.3688,74.253,Sandy,Low,Disputed,Crop,Unpaid,Irrigated area,2024-10-28
PLOT139,Raunak Sagar,Ayesha Shinde,497/C,671,8.43,Agricultural,Mumbai,Pandharpur,Solapur,Maharashtra,Single,1,Paddy,Canal,Bank Loan,M9874,2024-12-13,₹711820,₹1190252,Gift,R5333,XXXX-XXXX-6423,ATCPL3217S,2728425470,"62/20, Chaudry Street, Jodhpur 668274",18.4329,75.9505,Sandy,Medium,Disputed,Fallow,Unpaid,Under observation,2024-11-17
PLOT140,Pranay Choudhary,Onkar Jadhav,619/C,612,9.61,Agricultural,Kalyan-Dombivli,Beed,Ahmednagar,Maharashtra,Joint,4,Fallow,Canal,Mortgage,M8265,2022-08-20,₹760622,₹1372784,Sale,R7473,XXXX-XXXX-4674,ZVWPE2162R,+918673554304,"H.No. 93, Yohannan Ganj, Faridabad 633124",17.6291,73.464,Alluvial,Low,Disputed,Residential,Unpaid,Irrigated area,2025-05-16
PLOT141,Anaya Basak,Veer Kadam,457/B,198,8.25,Non-Agricultural,Vijayawada,Karmala,Kolhapur,Maharashtra,Joint,2,Cotton,Canal,Bank Loan,M6367,2023-03-13,₹685040,₹1237795,Gift,R1115,XXXX-XXXX-1653,MPQPE9992H,+918984486870,"H.No. 447, Bhandari Circle, Noida 286950",17.9941,74.5348,Red,Medium,Active,Residential,Unpaid,Under observation,2025-01-28
PLOT142,Mishti Sani,Ritvik Jadhav,347/B,174,1.73,Agricultural,Berhampur,Karjat,Nashik,Maharashtra,Single,1,Maize,Borewell,Legal Dispute,M1138,2025-04-25,₹413796,₹1909498,Sale,R5846,XXXX-XXXX-7418,UXUPW6831I,03578046920,"80/280, Lala Zila, Begusarai-035694",19.1429,73.8625,Alluvial,Fertile,Active,Fallow,Unpaid,Partially cultivated,2025-03-29
PLOT143,Renee Babu,Ishita Shinde,220/B,784,8.64,Non-Agricultural,Raebareli,Rahuri,Pune,Maharashtra,Single,1,Maize,Rainfed,Legal Dispute,M3397,2022-10-04,₹574464,₹1289597,Inheritance,R2560,XXXX-XXXX-5028,BVPPO6897D,+911038540508,"H.No. 55, Jaggi Chowk, Jaunpur-181652",17.027,74.1831,Laterite,Low,Disputed,Crop,Paid,Under observation,2025-07-20
PLOT144,Prisha Sarna,Hazel Deshmukh,738/B,300,9.75,Non-Agricultural,Jamshedpur,Pandharpur,Nashik,Maharashtra,Single,1,Maize,Well,Mortgage,M1310,2023-06-10,₹363004,₹1348720,Inheritance,R1264,XXXX-XXXX-9573,KBLPJ5340E,9826319891,"24/56, Karan Street, Giridih 567332",18.3026,73.2795,Red,Medium,Active,Fallow,Unpaid,Irrigated area,2024-11-04
PLOT145,Jhanvi Badami,Saira Deshmukh,363/C,167,6.78,Non-Agricultural,Raichur,Karmala,Nashik,Maharashtra,Joint,3,Fallow,Canal,Mortgage,M8476,2025-03-07,₹555384,₹1292928,Gift,R6864,XXXX-XXXX-8921,BSOPC0958L,02176302464,"H.No. 655, Acharya Circle, Pudukkottai 610953",17.4762,75.8045,Red,Medium,Active,Fallow,Unpaid,Dryland,2024-12-10
PLOT146,Parinaaz Kadakia,Saksham Jadhav,506/C,218,5.08,Non-Agricultural,Arrah,Rahuri,Nashik,Maharashtra,Joint,2,Sugarcane,Rainfed,Mortgage,M6060,2025-01-29,₹657602,₹1559354,Gift,R6006,XXXX-XXXX-6795,UXVPX3746C,+919067467123,"45/68, Bala Nagar, Satna-852788",18.6041,75.8192,Laterite,Low,Disputed,Fallow,Paid,Partially cultivated,2025-04-04
PLOT147,Jhanvi Ranganathan,Dharmajan Kadam,218/A,359,6.82,Non-Agricultural,Alappuzha,Beed,Beed,Maharashtra,Joint,2,Maize,Rainfed,Bank Loan,M5271,2025-01-06,₹392767,₹1806548,Sale,R4893,XXXX-XXXX-3178,XWPPJ1928G,2509918470,"H.No. 74, Kanda, Amritsar-798935",17.7366,75.2115,Sandy,Medium,Disputed,Crop,Unpaid,Under observation,2025-01-29
PLOT148,Jayesh Srinivas,Elakshi Shinde,404/C,330,7.09,Agricultural,Dhule,Sangola,Beed,Maharashtra,Single,1,Sugarcane,Borewell,None,M4881,2021-08-04,₹445363,₹1507657,Gift,R2237,XXXX-XXXX-5898,DMDPE6450S,+914611218538,"H.No. 750, Vala Chowk, Gaya 145558",18.114,74.6319,Alluvial,Fertile,Disputed,Crop,Unpaid,Irrigated area,2025-07-09
PLOT149,Samar Gill,Biju Patil,886/C,318,3.59,Agricultural,Sasaram,Karjat,Kolhapur,Maharashtra,Joint,2,Cotton,Borewell,None,M3080,2021-04-01,₹556071,₹1719232,Gift,R2346,XXXX-XXXX-3978,WNIPS6341W,+915327806279,"H.No. 320, Das, Korba 443365",18.4149,75.0237,Alluvial,Medium,Disputed,Residential,Paid,Partially cultivated,2024-11-16
PLOT150,Nayantara Khare,Miraan Deshmukh,132/B,437,9.89,Agricultural,Nagaon,Rahuri,Kolhapur,Maharashtra,Joint,4,Paddy,Well,Legal Dispute,M8883,2024-08-18,₹289990,₹1687864,Inheritance,R8458,XXXX-XXXX-5501,WGWPX5567Y,1466590145,"05, Baral Street, Gulbarga-284645",18.7993,74.3849,Alluvial,Low,Disputed,Fallow,Unpaid,Irrigated area,2025-09-02
PLOT151,Pihu Andra,Drishya Jadhav,245/A,670,2.82,Agricultural,Ajmer,Karjat,Beed,Maharashtra,Joint,3,Paddy,Rainfed,Legal Dispute,M9013,2025-06-08,₹443682,₹1946773,Inheritance,R2139,XXXX-XXXX-9762,AIEPW9526B,+917186175891,"67, Thaman Ganj, Junagadh-796866",19.9525,74.9748,Laterite,Medium,Active,Crop,Unpaid,Partially cultivated,2025-06-10
PLOT152,Kashvi Contractor,Abram Shinde,507/A,159,0.85,Agricultural,Bilaspur,Sangola,Beed,Maharashtra,Single,1,Cotton,Canal,Bank Loan,M1668,2022-02-28,₹624586,₹1174111,Inheritance,R5344,XXXX-XXXX-7708,FNOPT5810T,2796265114,"H.No. 549, Buch Zila, Machilipatnam-391919",19.0903,73.7797,Red,Fertile,Active,Residential,Unpaid,Dryland,2025-10-01
PLOT153,Indrajit Bajaj,Lakshay Patil,450/B,137,6.58,Agricultural,Phagwara,Karjat,Pune,Maharashtra,Single,1,Wheat,Rainfed,Legal Dispute,M7736,2025-03-20,₹261852,₹1134764,Gift,R3280,XXXX-XXXX-1600,URWPM1812S,+911872132944,"15/30, Vora Chowk, Silchar 498696",18.7771,74.949,Alluvial,Fertile,Active,Residential,Paid,Irrigated area,2025-05-11
PLOT154,Alia Walia,Kiaan Patil,189/A,101,8.5,Agricultural,Jhansi,Pandharpur,Beed,Maharashtra,Joint,4,Cotton,Well,Legal Dispute,M1099,2023-03-01,₹768976,₹1772886,Sale,R6591,XXXX-XXXX-9314,YRYPV6312Y,04931391087,"H.No. 608, Sinha Zila, Ghaziabad-209630",19.8272,75.5036,Sandy,Low,Active,Crop,Paid,Under observation,2025-06-03
PLOT155,Onkar Chand,Badal Shinde,147/A,532,3.13,Agricultural,Mau,Beed,Beed,Maharashtra,Joint,4,Fallow,Rainfed,Bank Loan,M1098,2021-05-26,₹471049,₹1719656,Inheritance,R6975,XXXX-XXXX-1687,TKGPL0908I,+910129630976,"08/700, Mandal Nagar, Burhanpur 629382",18.0477,75.0115,Alluvial,Low,Active,Crop,Unpaid,Under observation,2024-12-08
PLOT156,Miraya Barman,Kabir Kadam,292/C,850,4.64,Agricultural,Srinagar,Sangola,Beed,Maharashtra,Single,1,Cotton,Well,Legal Dispute,M5958,2021-05-20,₹552948,₹1751237,Gift,R7542,XXXX-XXXX-3024,OVEPY4642N,+917303831239,"59, Luthra Street, Pudukkottai-279929",18.9653,73.3447,Alluvial,Low,Disputed,Residential,Paid,Irrigated area,2025-07-21
PLOT157,Samaira Sibal,Badal Jadhav,822/A,152,8.02,Non-Agricultural,Muzaffarnagar,Sangola,Beed,Maharashtra,Joint,4,Sugarcane,Rainfed,Mortgage,M6493,2023-08-30,₹583786,₹986608,Inheritance,R3069,XXXX-XXXX-3345,QWOPN3759A,03882642193,"H.No. 547, Goyal Zila, Hyderabad 568316",18.2767,73.3609,Red,Medium,Disputed,Crop,Unpaid,Irrigated area,2024-11-02
PLOT158,Jhanvi Barman,Jiya Jadhav,701/A,325,1.16,Non-Agricultural,Ajmer,Sangola,Ahmednagar,Maharashtra,Single,1,Sugarcane,Well,Bank Loan,M5456,2021-06-28,₹233147,₹1403672,Gift,R3271,XXXX-XXXX-1379,QENPP3237J,6636966223,"19, Sami Road, Jamnagar-227993",19.4552,74.6235,Sandy,Fertile,Disputed,Fallow,Unpaid,Irrigated area,2025-08-31
PLOT159,Zara Vaidya,Yakshit Jadhav,501/A,745,9.1,Agricultural,Bilaspur,Sangola,Kolhapur,Maharashtra,Joint,2,Fallow,Canal,Mortgage,M6283,2024-09-24,₹232155,₹1721385,Gift,R5127,XXXX-XXXX-2950,NBUPF8319Y,03266121187,"52, Bedi Street, Kanpur 929331",18.9499,75.1739,Black Cotton,Fertile,Disputed,Residential,Paid,Partially cultivated,2025-06-15
PLOT160,Ritvik Upadhyay,Nirvi Shinde,991/B,133,9.21,Non-Agricultural,Mahbubnagar,Karjat,Nashik,Maharashtra,Joint,3,Wheat,Well,Bank Loan,M2941,2022-03-11,₹497426,₹1918136,Inheritance,R3094,XXXX-XXXX-6909,AJHPV9844F,+914813938621,"82/886, Din Circle, Chinsurah-433019",17.1933,73.4268,Sandy,Low,Active,Crop,Paid,Under observation,2024-10-07
PLOT161,Indranil Dixit,Shray Shinde,441/A,410,5.5,Non-Agricultural,Visakhapatnam,Baramati,Kolhapur,Maharashtra,Single,1,Fallow,Borewell,None,M3998,2025-03-06,₹774018,₹1424505,Gift,R4149,XXXX-XXXX-3491,SPHPV1631H,03649502525,"08/942, Basu, Indore-360632",19.6542,74.9081,Laterite,Medium,Disputed,Fallow,Unpaid,Under observation,2025-09-17
PLOT162,Ayesha Gupta,Charvi Patil,743/B,192,9.69,Agricultural,Thane,Pandharpur,Nashik,Maharashtra,Single,1,Sugarcane,Canal,Mortgage,M4647,2022-01-13,₹225811,₹1275138,Gift,R5176,XXXX-XXXX-3783,SVWPZ7885A,+910018065411,"52, Kanda Road, Gopalpur-344665",17.1032,73.828,Red,Low,Disputed,Fallow,Paid,Under observation,2025-03-04
PLOT163,Heer Acharya,Bhavin Deshmukh,427/C,113,4.26,Non-Agricultural,Solapur,Karjat,Solapur,Maharashtra,Joint,4,Paddy,Well,Bank Loan,M1517,2021-04-02,₹628285,₹1268640,Inheritance,R7816,XXXX-XXXX-8925,GGOPM1645D,01043747485,"24/152, Dhillon Ganj, Bongaigaon 366066",18.9834,75.645,Alluvial,Low,Disputed,Residential,Paid,Irrigated area,2025-04-27
PLOT164,Jivika Konda,Himmat Jadhav,457/C,790,9.77,Non-Agricultural,Bhilwara,Pandharpur,Ahmednagar,Maharashtra,Joint,3,Soybean,Borewell,Legal Dispute,M5370,2024-10-26,₹577838,₹1135270,Sale,R2290,XXXX-XXXX-7713,HUSPE6366G,04080126627,"69/653, Baral Circle, Nandyal 468977",18.7718,73.8391,Laterite,Fertile,Disputed,Residential,Paid,Partially cultivated,2025-06-28
PLOT165,Tushar Goel,Divyansh Shinde,617/C,848,1.22,Non-Agricultural,Karimnagar,Rahuri,Solapur,Maharashtra,Single,1,Fallow,Borewell,Bank Loan,M5452,2025-03-08,₹511263,₹1438479,Gift,R7974,XXXX-XXXX-4572,ZJJPU6535D,02274104845,"H.No. 826, Yohannan Chowk, Mango 022980",18.0044,75.0908,Laterite,Medium,Active,Residential,Unpaid,Partially cultivated,2024-12-21
PLOT166,Tanya Tella,Khushi Kadam,460/A,458,8.55,Agricultural,Munger,Karjat,Ahmednagar,Maharashtra,Single,1,Fallow,Borewell,Legal Dispute,M9699,2023-06-17,₹368465,₹1152316,Gift,R3838,XXXX-XXXX-6417,MLBPG2386N,+914822267679,"35/22, Sem Circle, Tiruppur-335427",19.3086,74.6297,Laterite,Fertile,Disputed,Residential,Unpaid,Dryland,2025-05-07
PLOT167,Darshit Dora,Kimaya Patil,368/B,344,5.19,Non-Agricultural,Dehri,Rahuri,Kolhapur,Maharashtra,Single,1,Sugarcane,Well,Mortgage,M8841,2025-04-25,₹354557,₹1029346,Sale,R2523,XXXX-XXXX-6936,TVHPX6034X,1668175261,"379, Bedi Marg, Bharatpur 619856",19.0614,74.0512,Alluvial,Low,Disputed,Crop,Paid,Irrigated area,2024-12-23
PLOT168,Manikya Wagle,Mamooty Kadam,779/A,303,0.99,Non-Agricultural,Bhimavaram,Rahuri,Pune,Maharashtra,Single,1,Cotton,Canal,Legal Dispute,M6392,2022-03-17,₹526609,₹1342828,Sale,R4997,XXXX-XXXX-8233,KDHPM4447K,09403568627,"89/34, Kalita Road, Mangalore-837605",19.3815,73.1873,Sandy,Medium,Active,Fallow,Unpaid,Under observation,2025-09-09
PLOT169,Aarush Jhaveri,Sahil Deshmukh,129/A,163,6.04,Agricultural,Kumbakonam,Baramati,Ahmednagar,Maharashtra,Single,1,Fallow,Well,None,M6155,2022-10-20,₹565465,₹1778930,Gift,R2787,XXXX-XXXX-8149,PXUPO6081K,05572794870,"80/93, Bajaj Circle, Gurgaon 668899",17.3797,74.0689,Laterite,Medium,Disputed,Crop,Paid,Under observation,2025-02-22
PLOT170,Heer Madan,Abram Kadam,657/C,726,6.95,Agricultural,Ratlam,Rahuri,Nashik,Maharashtra,Single,1,Fallow,Well,Bank Loan,M1711,2025-06-17,₹617288,₹1405874,Gift,R2677,XXXX-XXXX-8617,IKJPU4006Q,01662379791,"H.No. 475, Batta Circle, Morena 484458",17.1904,74.1626,Sandy,Low,Disputed,Crop,Paid,Dryland,2025-07-06
PLOT171,Hridaan Kamdar,Aniruddh Kadam,715/C,362,1.94,Non-Agricultural,Rampur,Baramati,Nashik,Maharashtra,Joint,4,Wheat,Borewell,Legal Dispute,M9333,2021-07-06,₹327844,₹1547880,Gift,R2599,XXXX-XXXX-2113,NDIPB5395V,09211137457,"H.No. 417, Sarin Circle, Berhampur-212042",17.0796,75.268,Red,Low,Active,Crop,Paid,Under observation,2024-10-19
PLOT172,Shalv Doshi,Navya Shinde,379/B,875,6.92,Agricultural,Yamunanagar,Rahuri,Kolhapur,Maharashtra,Single,1,Cotton,Rainfed,Legal Dispute,M5274,2023-06-01,₹589782,₹1009134,Inheritance,R4744,XXXX-XXXX-1487,ZQDPF0745N,4464391755,"420, Gala Path, Ramagundam 175265",18.628,73.6408,Red,Low,Disputed,Fallow,Unpaid,Irrigated area,2025-05-08
PLOT173,Hrishita Jain,Ahana  Kadam,727/B,240,6.49,Agricultural,Tadipatri,Rahuri,Nashik,Maharashtra,Joint,2,Paddy,Well,Legal Dispute,M8196,2024-03-05,₹639610,₹1542301,Gift,R2405,XXXX-XXXX-6302,ZBDPT6559X,04452319532,"923, Kota Path, Khora -450290",18.8483,73.7342,Laterite,Fertile,Disputed,Fallow,Paid,Under observation,2025-05-19
PLOT174,Akarsh Sachar,Keya Shinde,330/B,525,2.3,Non-Agricultural,Kottayam,Karjat,Solapur,Maharashtra,Joint,3,Fallow,Rainfed,Bank Loan,M5082,2025-07-10,₹688040,₹1807571,Gift,R9173,XXXX-XXXX-3630,DPDPP3869Q,+918736149830,"23/915, Halder Chowk, Dhule-383345",18.7628,75.6461,Laterite,Fertile,Active,Fallow,Paid,Partially cultivated,2025-03-09
PLOT175,Divij Sant,Gatik Jadhav,172/A,975,6.64,Non-Agricultural,Hajipur,Baramati,Pune,Maharashtra,Joint,2,Soybean,Canal,Mortgage,M5181,2025-06-28,₹602746,₹1369812,Sale,R8468,XXXX-XXXX-6329,RNXPU9265V,+917866968639,"14/66, Banerjee Street, Tezpur-110748",18.6444,75.8468,Sandy,Medium,Disputed,Fallow,Unpaid,Under observation,2025-07-23
PLOT176,Nakul Chad,Amani Shinde,686/C,606,0.74,Non-Agricultural,Kollam,Baramati,Solapur,Maharashtra,Single,1,Wheat,Well,None,M7751,2023-01-04,₹722674,₹908341,Sale,R4101,XXXX-XXXX-3806,ZIZPE6734T,9467401119,"10/964, Khalsa Marg, Bhimavaram 397165",17.6458,74.7467,Laterite,Low,Disputed,Residential,Unpaid,Partially cultivated,2025-03-19
PLOT177,Aaryahi Ramachandran,Prerak Kadam,743/C,885,3.65,Non-Agricultural,Maheshtala,Rahuri,Solapur,Maharashtra,Single,1,Paddy,Canal,Legal Dispute,M1986,2024-04-22,₹776388,₹1672083,Inheritance,R5918,XXXX-XXXX-2150,BVVPH5136O,+916728367024,"78, Balakrishnan Zila, Bongaigaon-893701",17.6139,74.1876,Sandy,Medium,Active,Crop,Unpaid,Under observation,2025-02-21
PLOT178,Tanya Chandran,Ivan Shinde,714/A,268,6.21,Non-Agricultural,Mau,Karmala,Solapur,Maharashtra,Joint,2,Cotton,Borewell,Legal Dispute,M2868,2025-05-04,₹612993,₹1692840,Sale,R5743,XXXX-XXXX-2679,JFPPW6963S,04038404377,"364, Raj Ganj, Tiruppur 911642",18.3536,75.1792,Red,Low,Disputed,Crop,Unpaid,Under observation,2025-02-26
PLOT179,Hunar Dutt,Drishya Shinde,329/A,221,2.98,Agricultural,Gwalior,Sangola,Kolhapur,Maharashtra,Single,1,Fallow,Rainfed,Legal Dispute,M5309,2020-10-09,₹279480,₹1551438,Sale,R1426,XXXX-XXXX-9122,XKSPH4834A,+913784994416,"84/30, Grewal Chowk, Raichur-590824",17.4963,74.9532,Red,Fertile,Disputed,Residential,Unpaid,Under observation,2025-09-14
PLOT180,Dhanuk Aurora,Fateh Patil,906/A,146,8.08,Agricultural,Dehradun,Karmala,Kolhapur,Maharashtra,Joint,2,Fallow,Well,Mortgage,M3140,2025-06-09,₹542361,₹987998,Inheritance,R4367,XXXX-XXXX-9595,HWWPU5347P,5108579015,"H.No. 609, Doshi, Rajkot 684352",17.2129,73.294,Alluvial,Fertile,Active,Residential,Paid,Under observation,2025-07-02
PLOT181,Sahil Gala,Shaan Jadhav,558/A,350,1.61,Non-Agricultural,Kumbakonam,Sangola,Pune,Maharashtra,Joint,4,Wheat,Well,Legal Dispute,M6497,2025-03-22,₹524886,₹1158323,Sale,R8255,XXXX-XXXX-4335,FVGPC1712U,+915995244180,"H.No. 68, Thaman Chowk, Rajahmundry 539047",17.6192,74.03,Laterite,Low,Active,Fallow,Paid,Dryland,2024-10-20
PLOT182,Raunak Saraf,Shayak Patil,175/A,999,9.71,Agricultural,Medininagar,Karmala,Solapur,Maharashtra,Joint,4,Paddy,Borewell,None,M3951,2025-09-12,₹475715,₹1050504,Sale,R3589,XXXX-XXXX-7556,DKMPQ2407H,05301921742,"87, Dhingra Street, Sangli-Miraj & Kupwad 817488",18.8315,74.7912,Alluvial,Fertile,Active,Crop,Paid,Dryland,2025-09-25
PLOT183,Heer Sarma,Sumer Deshmukh,978/B,156,1.22,Agricultural,Karawal Nagar,Karmala,Kolhapur,Maharashtra,Joint,4,Paddy,Well,Legal Dispute,M4459,2023-06-29,₹427936,₹1463417,Gift,R2460,XXXX-XXXX-6189,GDBPV3799J,09237336550,"03/291, De Chowk, Durgapur 052433",18.9687,74.8978,Alluvial,Fertile,Disputed,Crop,Paid,Partially cultivated,2024-11-13
PLOT184,Kiaan Cherian,Divit Jadhav,141/B,705,0.92,Non-Agricultural,Kirari Suleman Nagar,Karjat,Pune,Maharashtra,Single,1,Cotton,Borewell,Mortgage,M6889,2023-02-17,₹799024,₹1796106,Sale,R8396,XXXX-XXXX-2536,IWGPP1866L,+913570035931,"694, Lad Path, Jorhat-490859",17.882,73.9847,Laterite,Medium,Disputed,Fallow,Paid,Irrigated area,2024-10-22
PLOT185,Jivin Gulati,Trisha Kadam,591/B,166,4.78,Non-Agricultural,Siwan,Rahuri,Solapur,Maharashtra,Single,1,Cotton,Rainfed,Mortgage,M5003,2023-05-18,₹587273,₹1019968,Inheritance,R2171,XXXX-XXXX-8797,FHCPR3467S,+919682931124,"852, Master Path, Hospet-960240",18.6616,75.8907,Red,Medium,Disputed,Fallow,Paid,Under observation,2025-03-08
PLOT186,Piya Thakur,Jivin Patil,266/A,713,6.66,Agricultural,Suryapet,Beed,Pune,Maharashtra,Single,1,Sugarcane,Borewell,Legal Dispute,M1173,2024-02-26,₹717602,₹989123,Sale,R9038,XXXX-XXXX-2387,BDWPD0409R,1845105589,"H.No. 53, Sarkar Street, Etawah-423028",17.4385,74.2729,Alluvial,Fertile,Disputed,Crop,Unpaid,Dryland,2025-05-25
PLOT187,Shaan Kumer,Kabir Deshmukh,765/A,340,8.78,Agricultural,Singrauli,Karmala,Ahmednagar,Maharashtra,Single,1,Paddy,Canal,Legal Dispute,M2847,2023-09-17,₹520081,₹925687,Sale,R7212,XXXX-XXXX-2147,DNPPU6977O,02869337340,"H.No. 76, Rajagopalan Ganj, Rajkot-056012",17.3006,73.7783,Alluvial,Low,Disputed,Crop,Paid,Partially cultivated,2025-08-07
PLOT188,Anya Dyal,Jayant Shinde,586/A,419,1.1,Agricultural,Munger,Beed,Nashik,Maharashtra,Single,1,Maize,Borewell,Legal Dispute,M2345,2024-12-08,₹716925,₹1156680,Sale,R4478,XXXX-XXXX-2854,FKYPU6053P,+915357228739,"H.No. 353, Sampath Chowk, Indore-838395",17.51,73.0685,Black Cotton,Fertile,Active,Residential,Unpaid,Dryland,2025-04-09
PLOT189,Aaryahi Joshi,Urvi Deshmukh,804/A,688,3.48,Agricultural,Malda,Karjat,Ahmednagar,Maharashtra,Single,1,Paddy,Borewell,Bank Loan,M3523,2023-07-04,₹264323,₹1930278,Inheritance,R8813,XXXX-XXXX-1000,XBIPY1688M,9778945605,"951, Kumer Path, Barasat-268813",18.6029,75.2172,Black Cotton,Low,Disputed,Residential,Unpaid,Irrigated area,2024-12-14
PLOT190,Neysa Shah,Taimur Deshmukh,411/A,332,0.52,Non-Agricultural,Bareilly,Pandharpur,Nashik,Maharashtra,Single,1,Wheat,Well,Bank Loan,M7216,2024-11-09,₹207981,₹1922867,Inheritance,R9046,XXXX-XXXX-5872,ZEHPD3599R,3255109848,"48/374, Mahal Ganj, Machilipatnam-343956",19.195,74.381,Alluvial,Medium,Active,Fallow,Paid,Partially cultivated,2024-10-25
PLOT191,Anahita Samra,Lavanya Patil,184/A,832,2.12,Agricultural,Karaikudi,Sangola,Nashik,Maharashtra,Joint,2,Sugarcane,Borewell,Bank Loan,M7817,2025-04-20,₹741527,₹1156091,Gift,R1546,XXXX-XXXX-7559,FMPPH3824J,8940834438,"007, Madan Ganj, Haldia-475966",18.1195,74.8426,Sandy,Fertile,Disputed,Residential,Paid,Partially cultivated,2024-12-30
PLOT192,Nirvaan Rout,Kavya Patil,913/A,440,5.58,Non-Agricultural,Dibrugarh,Baramati,Nashik,Maharashtra,Single,1,Sugarcane,Well,Mortgage,M7079,2022-02-11,₹206389,₹1686586,Inheritance,R4613,XXXX-XXXX-2083,BCXPH1732E,5290504956,"923, Walla Marg, Danapur 339460",18.1167,74.2377,Sandy,Low,Active,Fallow,Unpaid,Irrigated area,2025-03-28
PLOT193,Sana Goswami,Arhaan Kadam,580/B,976,2.94,Non-Agricultural,Junagadh,Rahuri,Beed,Maharashtra,Joint,3,Maize,Well,Bank Loan,M1662,2022-08-19,₹324172,₹1273581,Sale,R2984,XXXX-XXXX-8145,JPLPM4085H,08105136602,"42/70, Tank Chowk, Sultan Pur Majra 433735",18.3834,74.3607,Black Cotton,Low,Active,Residential,Unpaid,Under observation,2025-08-22
PLOT194,Anika Srinivasan,Madhav Kadam,948/A,276,3.9,Non-Agricultural,Farrukhabad,Karmala,Pune,Maharashtra,Single,1,Sugarcane,Well,None,M6061,2021-08-11,₹323722,₹1198750,Sale,R1357,XXXX-XXXX-4795,LITPO0799C,09086149852,"26/175, Banik Circle, Aligarh 089395",19.5799,75.7413,Alluvial,Low,Disputed,Residential,Unpaid,Irrigated area,2025-04-14
PLOT195,Tanya Kakar,Ayesha Patil,441/A,785,4.36,Agricultural,Karnal,Beed,Kolhapur,Maharashtra,Joint,2,Maize,Canal,Bank Loan,M8406,2023-04-13,₹262895,₹1162236,Gift,R8513,XXXX-XXXX-2320,MBQPO2829N,08398358516,"H.No. 134, Swamy Nagar, Rourkela-347762",19.2243,75.3204,Sandy,Low,Disputed,Residential,Paid,Under observation,2025-01-30
PLOT196,Vritika Rastogi,Diya Deshmukh,290/C,804,8.44,Agricultural,Sambalpur,Beed,Solapur,Maharashtra,Joint,4,Maize,Borewell,None,M2172,2024-02-21,₹333896,₹1738861,Inheritance,R9784,XXXX-XXXX-5786,OBRPK9942Z,4468604003,"23/36, Khosla Nagar, Ratlam 635873",17.9619,75.6995,Sandy,Fertile,Disputed,Fallow,Unpaid,Under observation,2025-03-16
PLOT197,Ishita Edwin,Khushi Deshmukh,522/C,864,2.69,Agricultural,Morbi,Karjat,Solapur,Maharashtra,Single,1,Maize,Well,Legal Dispute,M6426,2024-12-18,₹205201,₹1989201,Inheritance,R7369,XXXX-XXXX-4333,BKGPZ5304X,09493852670,"H.No. 87, Dugal Path, Tirunelveli-476267",19.4727,73.4074,Alluvial,Medium,Disputed,Residential,Unpaid,Under observation,2025-05-31
PLOT198,Ishaan Bedi,Heer Patil,993/B,525,7.53,Agricultural,Tiruvottiyur,Karjat,Pune,Maharashtra,Single,1,Soybean,Canal,None,M9432,2025-03-04,₹774995,₹1069333,Sale,R2536,XXXX-XXXX-5885,VYRPV5552J,+913677487141,"544, Ramakrishnan Road, Narasaraopet-414526",19.1917,74.8054,Black Cotton,Medium,Disputed,Fallow,Paid,Dryland,2025-05-28
PLOT199,Hiran Sandhu,Saira Patil,429/A,823,3.74,Agricultural,Chinsurah,Pandharpur,Kolhapur,Maharashtra,Joint,2,Fallow,Rainfed,None,M9245,2023-11-28,₹762327,₹970835,Sale,R9372,XXXX-XXXX-1172,DHXPI3680V,+913608830139,"333, Kar Circle, Dhule 217298",17.8741,74.3959,Sandy,Medium,Active,Crop,Paid,Dryland,2024-10-21
PLOT200,Zaina Raj,Aarna Patil,495/A,966,2.52,Agricultural,Kumbakonam,Pandharpur,Nashik,Maharashtra,Single,1,Paddy,Well,Mortgage,M2322,2022-01-29,₹768651,₹1926179,Gift,R6593,XXXX-XXXX-4644,VGBPL6740L,+911820670565,"H.No. 64, Garg Road, Mangalore-477468",17.0594,73.6461,Sandy,Fertile,Active,Crop,Paid,Irrigated area,2025-05-02
PLOT201,Manjari Hegde,Oorja Patil,480/C,236,10.48,Non-Agricultural,Darbhanga,Baramati,Solapur,Maharashtra,Single,1,Sugarcane,Borewell,Mortgage,M8757,2021-11-13,₹725327,₹1313019,Gift,R4269,XXXX-XXXX-6305,PXYPK3064P,03433224118,"64/534, Sundaram Road, Udaipur-988275",18.355,74.1164,Alluvial,Low,Disputed,Residential,Paid,Under observation,2025-06-15
PLOT202,Dhanush Dhar,Jayesh More,950/B,456,11.06,Agricultural,Farrukhabad,Baramati,Solapur,Maharashtra,Single,1,Cotton,Canal,Legal Dispute,M8622,2021-09-16,₹794209,₹1739053,Gift,R9738,XXXX-XXXX-3627,PWCPI8410G,4145824626,"H.No. 920, Cherian Marg, Suryapet 901967",18.8445,74.3698,Alluvial,Fertile,Active,Residential,Unpaid,Dryland,2024-12-07
PLOT203,Akarsh Lall,Hiran Deshmukh,884/B,963,1.62,Non-Agricultural,Muzaffarpur,Rahuri,Nashik,Maharashtra,Joint,3,Maize,Well,Bank Loan,M1624,2021-06-16,₹771678,₹1419073,Gift,R6341,XXXX-XXXX-8460,KBMPM1606K,5409265007,"34/62, Kalita Chowk, Bhubaneswar 615479",18.009,73.7279,Laterite,Medium,Disputed,Crop,Unpaid,Boundary not verified,2025-07-16
PLOT204,Siya Lalla,Charvi Jadhav,846/A,430,9.42,Agricultural,Sonipat,Beed,Ahmednagar,Maharashtra,Single,1,Fallow,Borewell,Bank Loan,M1560,2022-06-21,₹476068,₹1000750,Inheritance,R6976,XXXX-XXXX-9601,YDZPD5200C,06200081333,"H.No. 61, Gulati Circle, Raipur-765695",17.1092,75.7571,Sandy,Fertile,Disputed,Residential,Unpaid,Under observation,2025-08-20
PLOT205,Bhavin Zachariah,Madhav Jadhav,742/A,282,6.16,Non-Agricultural,Shimoga,Pandharpur,Satara,Maharashtra,Single,1,Paddy,Well,None,M8061,2025-06-09,₹898747,₹1995063,Gift,R1272,XXXX-XXXX-1358,YJCPC5956Q,2953694405,"H.No. 935, Kulkarni Ganj, Satna 893941",19.9147,74.937,Laterite,Low,Disputed,Fallow,Paid,Dryland,2025-06-13
PLOT206,Kabir Mand,Prisha Shinde,308/B,413,1.8,Agricultural,Bettiah,Karmala,Satara,Maharashtra,Single,1,Fallow,Canal,None,M6020,2023-06-20,₹336697,₹1131889,Inheritance,R2574,XXXX-XXXX-9204,TGZPZ9853T,0180111401,"41, Atwal Chowk, Kozhikode 332190",18.9088,74.1158,Red,Medium,Active,Fallow,Paid,Irrigated area,2024-12-17
PLOT207,Tiya Mann,Damini Deshmukh,385/C,859,4.32,Non-Agricultural,Jalgaon,Pandharpur,Beed,Maharashtra,Single,1,Fallow,Canal,Legal Dispute,M3845,2024-08-09,₹748914,₹1834244,Sale,R5858,XXXX-XXXX-6082,FTNPS2707L,+917635301611,"065, Manda Street, Anand 544136",19.2868,75.5637,Black Cotton,Fertile,Active,Residential,Unpaid,Under observation,2025-08-22
PLOT208,Hrishita Goswami,Anika Pawar,873/A,530,11.12,Non-Agricultural,Malegaon,Mohol,Satara,Maharashtra,Joint,5,Cotton,Rainfed,Legal Dispute,M6158,2021-11-05,₹629824,₹1951516,Gift,R9715,XXXX-XXXX-1341,HEYPJ1232I,+910376735205,"47/70, Shukla, Panchkula-472018",18.7324,73.7866,Black Cotton,Low,Disputed,Crop,Unpaid,Under observation,2025-03-18
PLOT209,Uthkarsh D’Alia,Arnav Deshmukh,277/A,519,3.36,Agricultural,Ajmer,Karmala,Solapur,Maharashtra,Single,1,Wheat,Borewell,Mortgage,M8889,2024-10-02,₹322687,₹2445189,Inheritance,R6530,XXXX-XXXX-9587,BHRPO6952X,8462603166,"35/46, Korpal Nagar, Shimoga 616964",19.6184,73.8221,Black Cotton,Medium,Active,Residential,Paid,Irrigated area,2025-02-28
PLOT210,Kanav Lad,Kanav Shinde,457/B,191,5.01,Agricultural,Muzaffarnagar,Beed,Kolhapur,Maharashtra,Joint,3,Sugarcane,Well,None,M9227,2025-03-30,₹532628,₹1260300,Inheritance,R4451,XXXX-XXXX-1547,CCQPW1512F,+913701778026,"96/927, Gola, Shahjahanpur 680053",19.186,73.0482,Red,Low,Active,Crop,Unpaid,Partially cultivated,2025-09-19
PLOT211,Akarsh Kaur,Saksham Deshmukh,438/B,205,1.77,Non-Agricultural,Amritsar,Pandharpur,Nashik,Maharashtra,Single,1,Cotton,Canal,Mortgage,M1888,2021-03-25,₹850541,₹1264240,Inheritance,R3395,XXXX-XXXX-1160,QNPPU8978S,09630863510,"H.No. 60, Keer Street, Tenali 632227",17.1189,75.9547,Red,Fertile,Active,Fallow,Unpaid,Requires leveling,2025-09-16
PLOT212,Raghav Bhagat,Anya Jadhav,594/C,649,5.44,Agricultural,Thanjavur,Beed,Satara,Maharashtra,Joint,3,Fallow,Rainfed,Bank Loan,M3281,2024-12-04,₹585973,₹1228674,Inheritance,R6859,XXXX-XXXX-8637,VKSPK6409T,+919516542446,"25/803, Vala Marg, Rajkot 563214",19.289,73.2585,Red,Low,Active,Residential,Paid,Partially cultivated,2024-10-21
PLOT213,Dishani Tara,Misha More,450/C,576,7.56,Non-Agricultural,Sirsa,Rahuri,Kolhapur,Maharashtra,Joint,3,Paddy,Canal,Mortgage,M2796,2023-06-15,₹838175,₹1089504,Inheritance,R5803,XXXX-XXXX-6442,JTXPM8886O,05237902492,"H.No. 830, Khare Nagar, Berhampur 996172",19.4794,73.7107,Black Cotton,Low,Disputed,Fallow,Paid,Partially cultivated,2025-03-20
PLOT214,Anvi Sachar,Divij Shinde,106/B,284,9.61,Non-Agricultural,Danapur,Pandharpur,Beed,Maharashtra,Joint,4,Wheat,Borewell,Legal Dispute,M2393,2023-07-19,₹773712,₹1040502,Sale,R3363,XXXX-XXXX-4905,AXYPI0538E,8681028161,"H.No. 827, Seshadri Road, Udupi-178063",18.7667,73.8897,Alluvial,Medium,Active,Fallow,Paid,Irrigated area,2025-01-09
PLOT215,Kismat Bhandari,Diya Patil,206/A,590,10.89,Non-Agricultural,Pudukkottai,Beed,Nashik,Maharashtra,Single,1,Sugarcane,Canal,Legal Dispute,M5335,2022-06-10,₹561789,₹1022265,Inheritance,R7381,XXXX-XXXX-2376,MBHPY9334T,03318259985,"854, Amble Path, Miryalaguda 777725",19.3251,75.493,Sandy,Medium,Active,Fallow,Paid,Irrigated area,2025-10-06
PLOT216,Saira Talwar,Kabir Patil,649/C,370,1.21,Agricultural,Bidhannagar,Mohol,Beed,Maharashtra,Single,1,Soybean,Well,Mortgage,M4492,2025-01-16,₹522919,₹1868805,Gift,R2971,XXXX-XXXX-3501,QGWPY2910D,+911749088697,"H.No. 85, Dutta Street, Serampore-883083",17.2939,73.1953,Laterite,Medium,Active,Crop,Paid,Dryland,2025-03-10
PLOT217,Urvi Viswanathan,Veer More,201/C,614,11.97,Non-Agricultural,Thrissur,Beed,Nashik,Maharashtra,Joint,5,Cotton,Borewell,Legal Dispute,M4337,2023-10-11,₹358819,₹2374437,Gift,R3037,XXXX-XXXX-6840,HLFPJ5492P,+917491138269,"06/880, Dewan Circle, Erode 650582",18.9247,73.7528,Alluvial,Fertile,Disputed,Fallow,Unpaid,Dryland,2025-07-04
PLOT218,Tejas Raval,Drishya Shinde,367/C,358,3.05,Agricultural,Secunderabad,Rahuri,Solapur,Maharashtra,Joint,4,Paddy,Borewell,None,M2681,2023-02-28,₹304823,₹2105094,Inheritance,R4824,XXXX-XXXX-3568,YDAPC8039M,7536573248,"H.No. 13, Varkey Zila, Khammam-844374",19.8728,73.4229,Black Cotton,Medium,Active,Residential,Unpaid,Requires leveling,2025-09-10
PLOT219,Dhruv Sharaf,Neelofar Jadhav,374/B,298,1.0,Agricultural,Proddatur,Baramati,Kolhapur,Maharashtra,Joint,2,Paddy,Well,Bank Loan,M6298,2021-06-15,₹324851,₹2045621,Gift,R8336,XXXX-XXXX-3948,JBFPT6789T,09904581468,"H.No. 78, Basu Street, Tezpur 681915",19.7664,73.3339,Alluvial,Medium,Disputed,Residential,Unpaid,Irrigated area,2025-05-11
PLOT220,Eva Rama,Alia Pawar,197/B,117,5.12,Agricultural,Jamalpur,Pandharpur,Nashik,Maharashtra,Joint,3,Cotton,Borewell,None,M5238,2025-09-19,₹758168,₹1271011,Sale,R5067,XXXX-XXXX-5416,OPFPF3664I,0802594607,"H.No. 598, Sule Street, Deoghar-126151",19.1688,75.394,Alluvial,Fertile,Disputed,Residential,Unpaid,Irrigated area,2025-08-01
PLOT221,Saira Loke,Ivana Patil,228/C,418,10.89,Agricultural,Jodhpur,Beed,Ahmednagar,Maharashtra,Single,1,Soybean,Borewell,Bank Loan,M8503,2020-10-29,₹287526,₹1366890,Sale,R3902,XXXX-XXXX-8015,FVYPZ8413B,0588903355,"73, Saraf Circle, Eluru 480011",19.753,75.8098,Laterite,Low,Disputed,Crop,Unpaid,Irrigated area,2025-03-07
PLOT222,Zaina Borra,Aaina Deshmukh,172/C,557,11.94,Agricultural,Karaikudi,Rahuri,Solapur,Maharashtra,Single,1,Paddy,Borewell,None,M6278,2023-11-12,₹291762,₹1004645,Gift,R3214,XXXX-XXXX-5741,ONUPC0051V,05117367940,"42/32, Sethi, Muzaffarpur 638668",17.1417,75.0846,Alluvial,Fertile,Disputed,Crop,Unpaid,Boundary not verified,2025-04-21
PLOT223,Hrishita Mand,Sara Deshmukh,808/C,824,0.57,Agricultural,Avadi,Rahuri,Solapur,Maharashtra,Single,1,Wheat,Rainfed,None,M4512,2021-06-05,₹737123,₹2441002,Gift,R6887,XXXX-XXXX-1210,RGVPQ8583W,9334084269,"54/098, Rao Road, Bongaigaon 386079",19.9883,74.2353,Laterite,Low,Active,Residential,Paid,Under observation,2025-02-01
PLOT224,Kimaya Kala,Divyansh Patil,363/C,785,3.49,Non-Agricultural,Nashik,Beed,Solapur,Maharashtra,Single,1,Sugarcane,Canal,Legal Dispute,M5144,2024-02-10,₹753031,₹2087835,Sale,R6753,XXXX-XXXX-5902,FBLPU8661L,02203368324,"72/431, Dhaliwal Zila, Khora  601791",19.2292,73.298,Black Cotton,Fertile,Disputed,Residential,Paid,Requires leveling,2025-04-17
PLOT225,Riya Sankaran,Madhup Kadam,131/B,200,7.83,Agricultural,Kumbakonam,Rahuri,Ahmednagar,Maharashtra,Joint,4,Paddy,Canal,Mortgage,M5305,2022-08-14,₹371029,₹1183862,Gift,R2215,XXXX-XXXX-1415,GSOPW4746V,9864787265,"H.No. 98, Bhatia Zila, Mysore 548523",19.52,73.3988,Alluvial,Fertile,Active,Fallow,Unpaid,Partially cultivated,2025-04-21
PLOT226,Rohan Taneja,Faiyaz Shinde,999/C,828,11.89,Non-Agricultural,Mangalore,Rahuri,Pune,Maharashtra,Single,1,Paddy,Canal,Bank Loan,M7517,2021-02-23,₹838116,₹1118834,Gift,R8505,XXXX-XXXX-3380,HJKPS4186Z,01174810615,"80/469, Varughese, Saharanpur-433420",19.118,73.4272,Laterite,Fertile,Active,Crop,Paid,Boundary not verified,2025-06-17
PLOT227,Azad Chander,Raunak Jadhav,221/A,500,8.87,Agricultural,Sikar,Baramati,Nashik,Maharashtra,Single,1,Fallow,Well,Mortgage,M4953,2022-12-09,₹567005,₹1879008,Gift,R9787,XXXX-XXXX-2376,TGEPR6024A,+916949380276,"41/972, Kara Ganj, Jorhat 762357",17.3658,73.4789,Sandy,Fertile,Disputed,Residential,Paid,Boundary not verified,2025-04-12
PLOT228,Emir Dhaliwal,Nitara Kadam,851/C,964,5.28,Non-Agricultural,Katihar,Pandharpur,Kolhapur,Maharashtra,Single,1,Cotton,Rainfed,Mortgage,M6337,2022-08-02,₹501227,₹1575112,Sale,R8300,XXXX-XXXX-7287,WVIPW4717W,07853261639,"25/10, Suri Street, Bulandshahr 629441",17.2376,73.3128,Black Cotton,Fertile,Active,Residential,Unpaid,Irrigated area,2025-04-06
PLOT229,Uthkarsh Vohra,Prisha Deshmukh,427/A,419,9.31,Non-Agricultural,Saharanpur,Karmala,Ahmednagar,Maharashtra,Single,1,Soybean,Rainfed,Bank Loan,M3735,2024-03-04,₹876735,₹1350288,Sale,R1711,XXXX-XXXX-8262,WEJPT8947K,+919157797970,"H.No. 07, Ganguly Circle, Ujjain 003131",18.3888,75.9305,Alluvial,Fertile,Disputed,Crop,Unpaid,Under observation,2024-11-21
PLOT230,Advika Bhalla,Nehmat Jadhav,530/C,590,8.45,Agricultural,Pondicherry,Beed,Latur,Maharashtra,Single,1,Soybean,Well,None,M6399,2021-12-14,₹473094,₹2118289,Gift,R1087,XXXX-XXXX-2131,EQBPL5751R,04352480801,"16, Andra, Amritsar-880856",19.6388,74.7527,Alluvial,Medium,Active,Fallow,Unpaid,Irrigated area,2025-04-16
PLOT231,Inaaya  Baral,Yuvaan Pawar,953/B,161,10.25,Non-Agricultural,Bongaigaon,Karjat,Latur,Maharashtra,Single,1,Soybean,Canal,None,M9064,2025-03-04,₹671837,₹2363033,Inheritance,R4642,XXXX-XXXX-3445,FEMPN1036M,3334629108,"17/71, Golla Chowk, Gudivada 655603",19.5544,74.9311,Laterite,Fertile,Active,Residential,Unpaid,Dryland,2025-08-13
PLOT232,Adira Deshmukh,Anvi Patil,637/B,558,1.13,Agricultural,Bhagalpur,Karmala,Ahmednagar,Maharashtra,Joint,4,Wheat,Well,Legal Dispute,M5034,2022-10-13,₹844071,₹1622237,Sale,R4829,XXXX-XXXX-6407,DRKPU1772S,+917341901737,"90/540, Rajagopalan Nagar, Patna 065003",19.3064,74.5487,Laterite,Medium,Disputed,Crop,Paid,Irrigated area,2025-03-12
PLOT233,Tanya Srinivas,Kabir Jadhav,246/C,170,11.48,Agricultural,Bettiah,Mohol,Latur,Maharashtra,Joint,2,Paddy,Rainfed,Mortgage,M6525,2025-07-15,₹576836,₹1819100,Sale,R6186,XXXX-XXXX-3737,JFUPA4931K,+911860258694,"19/60, Dhillon Circle, Sasaram 361891",19.3138,74.1227,Black Cotton,Fertile,Active,Fallow,Unpaid,Requires leveling,2025-06-11
PLOT234,Ritvik Maharaj,Biju Pawar,895/B,355,4.53,Non-Agricultural,Indore,Beed,Latur,Maharashtra,Single,1,Cotton,Canal,Bank Loan,M9918,2022-03-27,₹891868,₹2024588,Sale,R9995,XXXX-XXXX-9749,OGKPL0223F,1861570392,"57, Butala, Jammu 836564",17.332,73.1415,Red,Low,Disputed,Fallow,Paid,Dryland,2024-12-30
PLOT235,Divij Vohra,Eva Deshmukh,243/B,333,2.8,Agricultural,Rewa,Rahuri,Kolhapur,Maharashtra,Single,1,Maize,Rainfed,Legal Dispute,M5278,2021-03-02,₹427154,₹1950904,Inheritance,R2123,XXXX-XXXX-4008,GDPPA7670G,01990026432,"H.No. 54, Tripathi Road, Dehradun 379510",19.0135,74.9781,Laterite,Fertile,Disputed,Fallow,Unpaid,Boundary not verified,2025-04-20
PLOT236,Kimaya Issac,Charvi Shinde,768/A,954,4.86,Non-Agricultural,Dewas,Rahuri,Ahmednagar,Maharashtra,Joint,5,Wheat,Borewell,Mortgage,M5686,2021-03-09,₹766771,₹2472393,Inheritance,R7516,XXXX-XXXX-9115,YPZPS5434J,5808122571,"95, Madan Street, Chennai-077029",18.1649,73.3039,Red,Fertile,Disputed,Crop,Unpaid,Requires leveling,2025-01-16
PLOT237,Anaya Vohra,Lakshit Kadam,825/B,541,7.76,Agricultural,Srinagar,Baramati,Solapur,Maharashtra,Single,1,Sugarcane,Well,None,M8682,2022-08-03,₹708949,₹1129311,Sale,R1444,XXXX-XXXX-7956,OCIPA3314Y,+910439139964,"105, Dhingra Circle, Kakinada 018688",19.9616,74.4286,Black Cotton,Fertile,Active,Residential,Paid,Boundary not verified,2024-10-12
PLOT238,Rati Bera,Anya Jadhav,490/B,431,9.02,Agricultural,Bettiah,Karjat,Beed,Maharashtra,Single,1,Cotton,Well,None,M1805,2022-11-15,₹595708,₹1327695,Inheritance,R7467,XXXX-XXXX-1322,UZSPO4823B,04527288508,"941, Hegde Circle, Ghaziabad-388832",17.1904,74.2545,Laterite,Low,Disputed,Residential,Paid,Dryland,2025-08-10
PLOT239,Shamik Sinha,Zaina Patil,458/A,726,0.6,Agricultural,Singrauli,Sangola,Solapur,Maharashtra,Single,1,Sugarcane,Well,None,M4967,2023-10-29,₹687681,₹1692506,Sale,R7461,XXXX-XXXX-5763,DZIPR7793Q,+914048848250,"860, Kunda Path, Mehsana 049289",17.7616,75.8129,Red,Medium,Disputed,Crop,Unpaid,Irrigated area,2024-10-11
PLOT240,Samarth Talwar,Hunar Pawar,695/C,785,8.18,Non-Agricultural,Bally,Rahuri,Satara,Maharashtra,Joint,2,Maize,Borewell,Bank Loan,M2546,2024-01-01,₹605442,₹2292889,Gift,R1162,XXXX-XXXX-1101,XQVPM8647A,04977809913,"H.No. 195, Dutt Zila, Pimpri-Chinchwad 813762",19.1888,73.719,Red,Low,Active,Crop,Unpaid,Boundary not verified,2025-07-02
PLOT241,Anika Krishna,Hridaan Shinde,951/C,251,1.51,Agricultural,Ongole,Baramati,Nashik,Maharashtra,Single,1,Sugarcane,Borewell,Bank Loan,M2804,2024-11-19,₹337228,₹1313669,Inheritance,R4860,XXXX-XXXX-7645,CGMPC4019L,+910516390934,"49, Srivastava Chowk, Mahbubnagar-579763",18.626,74.759,Red,Medium,Disputed,Fallow,Unpaid,Boundary not verified,2025-02-06
PLOT242,Mannat Hayre,Sara More,275/C,346,3.67,Agricultural,Ulhasnagar,Beed,Beed,Maharashtra,Joint,2,Cotton,Rainfed,None,M9923,2024-05-26,₹757355,₹960882,Inheritance,R4008,XXXX-XXXX-4218,CNZPK9718R,6462764965,"52, Chaudhry Zila, Jorhat 790582",17.6719,73.739,Red,Medium,Disputed,Fallow,Paid,Partially cultivated,2025-01-02
PLOT243,Aarav Rajagopal,Vedika Kadam,281/A,971,1.19,Agricultural,Unnao,Beed,Solapur,Maharashtra,Single,1,Maize,Borewell,None,M5713,2024-01-12,₹749860,₹1945717,Inheritance,R6004,XXXX-XXXX-4076,SQJPA2506C,+915738026127,"H.No. 026, Gole Path, Raiganj 626496",18.8658,73.22,Laterite,Low,Active,Fallow,Paid,Partially cultivated,2024-12-18
PLOT244,Jiya Garg,Dishani Jadhav,952/A,365,7.82,Agricultural,Srinagar,Mohol,Kolhapur,Maharashtra,Joint,5,Maize,Well,Mortgage,M6031,2023-12-30,₹373931,₹1106088,Inheritance,R6271,XXXX-XXXX-1082,VBRPQ8469S,8026615340,"86/01, Agrawal Road, Malegaon 293973",17.8206,73.2176,Red,Low,Active,Fallow,Unpaid,Requires leveling,2024-12-21
PLOT245,Kismat Chawla,Vivaan More,431/A,676,2.5,Non-Agricultural,Karnal,Rahuri,Satara,Maharashtra,Joint,3,Maize,Canal,Bank Loan,M5424,2021-07-12,₹545295,₹1719635,Gift,R1447,XXXX-XXXX-7909,LZUPR0039I,+914443639868,"H.No. 572, Barad Ganj, Ujjain-544475",17.4727,73.4447,Alluvial,Medium,Disputed,Fallow,Paid,Under observation,2025-07-02
PLOT246,Tejas Doctor,Renee More,646/B,249,7.77,Agricultural,Tiruchirappalli,Rahuri,Beed,Maharashtra,Single,1,Sugarcane,Well,Mortgage,M1843,2023-07-06,₹474748,₹2433993,Sale,R1025,XXXX-XXXX-1122,QSUPI7114D,5654341468,"H.No. 588, Salvi Circle, Nagercoil-093032",19.303,74.4921,Sandy,Fertile,Disputed,Fallow,Paid,Under observation,2025-02-10
PLOT247,Nakul Bhattacharyya,Sana Deshmukh,728/B,837,5.62,Non-Agricultural,Kulti,Karjat,Latur,Maharashtra,Single,1,Paddy,Borewell,Bank Loan,M1900,2023-04-18,₹378797,₹1034750,Gift,R9910,XXXX-XXXX-4245,YLJPE2598J,+917444123930,"H.No. 972, Bhandari, Sirsa-140526",19.27,74.6829,Black Cotton,Low,Active,Fallow,Unpaid,Requires leveling,2025-03-18
PLOT248,Jayant Dewan,Umang Shinde,680/A,199,3.67,Agricultural,Bhind,Shrigonda,Pune,Maharashtra,Joint,2,Maize,Rainfed,Legal Dispute,M5923,2023-02-09,₹652965,₹1284975,Inheritance,R9461,XXXX-XXXX-3756,RBBPX6238F,05698527782,"90/214, Khatri Zila, Sikar-556984",18.9133,75.9019,Alluvial,Medium,Active,Fallow,Unpaid,Dryland,2025-08-26
PLOT249,Samaira Doshi,Vedika Kadam,202/B,733,10.6,Agricultural,Gandhidham,Beed,Beed,Maharashtra,Joint,4,Wheat,Canal,Mortgage,M8657,2021-12-07,₹652501,₹1639267,Inheritance,R8687,XXXX-XXXX-2941,YRJPC0634O,+911364574922,"H.No. 695, Sachar Marg, Dharmavaram 184286",18.4655,75.0938,Laterite,Medium,Disputed,Crop,Unpaid,Boundary not verified,2024-12-27
PLOT250,Emir Dixit,Kabir Pawar,361/C,851,6.62,Non-Agricultural,Surendranagar Dudhrej,Baramati,Latur,Maharashtra,Joint,3,Fallow,Borewell,Bank Loan,M3420,2022-08-23,₹726597,₹972483,Inheritance,R7160,XXXX-XXXX-8577,HPQPT6721I,05767116279,"811, Chauhan Chowk, Adoni 430918",18.9775,75.1536,Red,Fertile,Active,Residential,Paid,Dryland,2025-07-30
PLOT251,Alia Jha,Pari Shinde,594/C,580,6.27,Non-Agricultural,Raebareli,Baramati,Kolhapur,Maharashtra,Single,1,Cotton,Borewell,Legal Dispute,M9624,2024-04-28,₹696864,₹1801569,Inheritance,R6084,XXXX-XXXX-2577,XKCPM2406I,3203007784,"H.No. 226, Walla Marg, Agra-926296",17.029,74.9244,Red,Fertile,Disputed,Fallow,Unpaid,Under observation,2025-08-05
PLOT252,Zara Tandon,Dhanush Pawar,879/B,479,11.92,Non-Agricultural,Karaikudi,Baramati,Ahmednagar,Maharashtra,Single,1,Sugarcane,Canal,None,M3662,2024-06-05,₹319501,₹1900123,Gift,R1088,XXXX-XXXX-8995,WFBPK7892Q,00614742344,"H.No. 88, Sawhney Ganj, Salem 250453",18.1459,74.8329,Sandy,Low,Disputed,Crop,Paid,Requires leveling,2025-09-23
PLOT253,Vaibhav Kaul,Onkar Jadhav,459/A,884,7.15,Agricultural,Lucknow,Mohol,Solapur,Maharashtra,Joint,3,Paddy,Canal,Mortgage,M5593,2021-07-03,₹516478,₹2263869,Sale,R1905,XXXX-XXXX-8067,KZAPN7070Z,00208468791,"H.No. 93, Andra Marg, Loni 368491",17.7437,75.0629,Sandy,Low,Disputed,Crop,Unpaid,Dryland,2025-02-16
PLOT254,Madhav Rajagopal,Rati Jadhav,402/B,712,6.11,Agricultural,Tadipatri,Mohol,Beed,Maharashtra,Single,1,Fallow,Rainfed,None,M9872,2021-10-18,₹512430,₹1160110,Gift,R6804,XXXX-XXXX-8113,ORVPE7175U,01269834295,"H.No. 292, Gera, Bardhaman-812224",18.554,75.2942,Laterite,Medium,Disputed,Residential,Paid,Dryland,2025-09-09
PLOT255,Kiaan Ganesh,Mohanlal Shinde,538/B,194,4.56,Agricultural,Kochi,Pandharpur,Beed,Maharashtra,Single,1,Fallow,Rainfed,Legal Dispute,M3656,2025-04-06,₹555758,₹1268063,Inheritance,R9566,XXXX-XXXX-1420,MVQPR3160N,+917018118427,"758, Bava Ganj, Aurangabad 767826",19.4083,73.1781,Alluvial,Medium,Disputed,Fallow,Paid,Dryland,2025-07-26
PLOT256,Nitara Sathe,Dishani Jadhav,701/B,179,8.48,Non-Agricultural,Raiganj,Beed,Latur,Maharashtra,Joint,4,Soybean,Canal,None,M8163,2024-06-12,₹368602,₹1712574,Gift,R1031,XXXX-XXXX-9585,HONPV2971V,+914007778842,"75/262, Gole Road, Darbhanga 502383",17.4232,75.6173,Sandy,Medium,Disputed,Fallow,Unpaid,Partially cultivated,2024-11-05
PLOT257,Mahika Dass,Khushi Shinde,340/B,665,2.9,Agricultural,Nangloi Jat,Beed,Kolhapur,Maharashtra,Single,1,Paddy,Well,Mortgage,M7380,2021-04-07,₹257639,₹2254264,Inheritance,R4877,XXXX-XXXX-4102,HZHPG8135K,+917010737516,"67/398, Shukla, Sirsa-536205",17.2556,75.5094,Laterite,Fertile,Active,Fallow,Unpaid,Requires leveling,2025-05-22
PLOT258,Adira Dave,Mehul Patil,691/C,410,8.72,Agricultural,Haldia,Beed,Latur,Maharashtra,Joint,3,Maize,Borewell,Bank Loan,M4110,2020-11-16,₹758952,₹2015089,Sale,R7285,XXXX-XXXX-4812,KHZPX3648J,3532941217,"37/85, Rama Chowk, Katihar-972662",18.6461,75.3707,Sandy,Medium,Disputed,Residential,Paid,Under observation,2024-11-15
PLOT259,Kismat Deshmukh,Dharmajan Shinde,435/A,797,4.77,Agricultural,Agartala,Sangola,Solapur,Maharashtra,Joint,3,Cotton,Canal,None,M4707,2022-11-12,₹665529,₹2410798,Inheritance,R6777,XXXX-XXXX-1268,PHOPH9168L,00767692756,"25/445, Ramachandran Nagar, Begusarai-766461",17.9874,74.1254,Laterite,Medium,Disputed,Fallow,Unpaid,Partially cultivated,2025-05-10
PLOT260,Aarush Chatterjee,Aniruddh More,758/C,279,1.08,Non-Agricultural,Ballia,Shrigonda,Kolhapur,Maharashtra,Joint,4,Wheat,Well,Mortgage,M6370,2024-07-18,₹336193,₹1792295,Inheritance,R9932,XXXX-XXXX-9880,DDJPI5467A,8709182442,"H.No. 14, Thakkar Circle, Rajpur Sonarpur 603658",17.225,75.9073,Black Cotton,Low,Disputed,Fallow,Unpaid,Partially cultivated,2025-01-05
PLOT261,Onkar Bhardwaj,Neelofar Deshmukh,497/B,935,8.72,Non-Agricultural,Tiruvottiyur,Sangola,Kolhapur,Maharashtra,Single,1,Paddy,Canal,Mortgage,M7627,2025-04-19,₹888508,₹2388573,Gift,R2779,XXXX-XXXX-3229,WGYPZ1162V,3276027888,"H.No. 889, Jaggi Chowk, Aligarh-597596",19.2745,73.0177,Sandy,Low,Disputed,Fallow,Unpaid,Boundary not verified,2025-07-14
PLOT262,Hunar Madan,Siya Jadhav,290/A,261,3.26,Agricultural,Gandhidham,Karjat,Kolhapur,Maharashtra,Joint,2,Soybean,Borewell,Legal Dispute,M5756,2023-11-29,₹784629,₹1758516,Inheritance,R5653,XXXX-XXXX-4910,XEFPN0887M,01966970045,"511, Sachar Road, Jaipur 360968",18.3863,75.883,Laterite,Low,Active,Fallow,Paid,Boundary not verified,2025-05-24
PLOT263,Kimaya Mann,Mishti Kadam,310/B,262,9.76,Non-Agricultural,Burhanpur,Sangola,Beed,Maharashtra,Joint,4,Soybean,Canal,Mortgage,M5687,2022-01-14,₹797255,₹1931439,Inheritance,R5921,XXXX-XXXX-5151,OTDPY9728T,2373216630,"823, Sankaran Nagar, Guntur-168464",18.9847,73.0484,Alluvial,Low,Disputed,Crop,Unpaid,Under observation,2025-08-11
PLOT264,Kanav Jani,Nitara More,393/A,471,11.64,Non-Agricultural,Chinsurah,Karjat,Solapur,Maharashtra,Joint,4,Fallow,Rainfed,None,M6329,2023-04-11,₹685760,₹2442340,Sale,R1623,XXXX-XXXX-7405,QCJPX2340Z,+911284696748,"28/48, Kota Nagar, Vijayanagaram 312641",18.1639,74.4193,Black Cotton,Medium,Disputed,Fallow,Unpaid,Under observation,2025-06-30
PLOT265,Himmat Bali,Ryan Kadam,471/A,677,7.56,Non-Agricultural,Gandhinagar,Karmala,Ahmednagar,Maharashtra,Joint,5,Cotton,Rainfed,Legal Dispute,M9311,2021-09-12,₹722823,₹2472954,Sale,R5320,XXXX-XXXX-3227,RNCPP7170E,08715343327,"87/31, Ahuja Path, Gangtok 108639",18.4565,73.8598,Sandy,Medium,Active,Residential,Unpaid,Irrigated area,2024-10-22
PLOT266,Kanav Arya,Indranil Deshmukh,287/B,476,10.46,Non-Agricultural,Pallavaram,Pandharpur,Pune,Maharashtra,Joint,4,Maize,Borewell,Legal Dispute,M7522,2024-02-25,₹564620,₹1251674,Gift,R6633,XXXX-XXXX-7777,SPAPN7357R,+919581764593,"90/449, Bhakta Marg, Dewas-342054",18.6481,73.0728,Black Cotton,Low,Active,Residential,Paid,Dryland,2025-04-28
PLOT267,Veer Hayre,Ojas More,766/A,156,3.16,Agricultural,Jalna,Sangola,Beed,Maharashtra,Joint,3,Maize,Rainfed,None,M4536,2022-11-09,₹304223,₹1939288,Inheritance,R3727,XXXX-XXXX-6720,BTPPE1826N,3401590326,"579, Zachariah Ganj, Asansol 104525",19.9287,73.6597,Laterite,Low,Active,Residential,Paid,Irrigated area,2025-09-11
PLOT268,Farhan Kalla,Madhup Deshmukh,505/C,657,11.52,Agricultural,Deoghar,Beed,Beed,Maharashtra,Joint,3,Maize,Borewell,Legal Dispute,M3186,2022-08-02,₹832862,₹2286652,Sale,R1570,XXXX-XXXX-4684,ELEPX4393W,4780600060,"H.No. 84, Khare, Rajahmundry 850441",17.3329,73.9646,Sandy,Fertile,Disputed,Residential,Paid,Dryland,2025-07-12
PLOT269,Jayesh Kota,Tara Patil,691/A,647,6.83,Non-Agricultural,Thiruvananthapuram,Sangola,Nashik,Maharashtra,Single,1,Fallow,Borewell,Mortgage,M3814,2021-02-27,₹840350,₹1094501,Inheritance,R5328,XXXX-XXXX-3802,NQOPK9360O,1186820870,"720, Bhardwaj Chowk, Jorhat-847145",18.1877,73.5255,Sandy,Fertile,Active,Fallow,Unpaid,Requires leveling,2025-04-14
PLOT270,Chirag Balan,Vanya Pawar,760/B,257,8.69,Agricultural,Karnal,Karmala,Satara,Maharashtra,Single,1,Cotton,Well,Legal Dispute,M1526,2024-11-03,₹457789,₹2130607,Sale,R4581,XXXX-XXXX-7171,ILWPG6019N,08905892363,"07, Boase Circle, Bhavnagar 764403",18.9202,74.7636,Alluvial,Low,Disputed,Fallow,Unpaid,Boundary not verified,2024-12-01
PLOT271,Kartik Brar,Nirvi Jadhav,814/B,477,6.36,Agricultural,Rajpur Sonarpur,Beed,Pune,Maharashtra,Single,1,Cotton,Rainfed,Mortgage,M6988,2020-12-02,₹857323,₹2082060,Inheritance,R1651,XXXX-XXXX-5818,UHRPP3670M,02688147622,"04/601, Chokshi Ganj, Shivpuri-365500",19.1599,75.5945,Black Cotton,Low,Active,Fallow,Paid,Requires leveling,2025-05-06
PLOT272,Vritika Bava,Zoya Deshmukh,145/B,607,8.09,Non-Agricultural,Indore,Baramati,Solapur,Maharashtra,Joint,4,Sugarcane,Borewell,Legal Dispute,M4793,2021-07-19,₹381006,₹2025558,Gift,R2808,XXXX-XXXX-1471,LJOPR2608B,8168149079,"H.No. 90, Saraf Street, Nagpur-107043",17.9038,74.5111,Alluvial,Low,Disputed,Residential,Unpaid,Under observation,2024-12-10
PLOT273,Zeeshan Vyas,Mohanlal Deshmukh,658/C,973,0.56,Non-Agricultural,Burhanpur,Sangola,Beed,Maharashtra,Joint,3,Cotton,Rainfed,Bank Loan,M6940,2025-08-31,₹318239,₹2192722,Inheritance,R8855,XXXX-XXXX-6400,UGEPD6452E,5595082353,"H.No. 64, Cheema Chowk, Nanded 549874",18.6624,75.5831,Laterite,Medium,Disputed,Fallow,Paid,Dryland,2024-10-26
PLOT274,Ojas Srivastava,Vanya Shinde,471/C,443,7.33,Agricultural,Bhilwara,Mohol,Satara,Maharashtra,Single,1,Fallow,Rainfed,Mortgage,M7558,2022-10-01,₹255827,₹2475371,Inheritance,R3896,XXXX-XXXX-1248,EUVPJ6195C,7691942344,"34/58, Chada, Bhatpara-730455",18.671,74.7465,Alluvial,Low,Active,Residential,Paid,Irrigated area,2024-12-02
PLOT275,Anahi Sundaram,Himmat Kadam,413/C,348,2.1,Agricultural,Tirunelveli,Baramati,Kolhapur,Maharashtra,Single,1,Wheat,Well,Bank Loan,M3719,2023-03-19,₹282427,₹1618123,Gift,R6613,XXXX-XXXX-1574,WBQPQ9560N,08535959242,"86, Sibal, Proddatur 805506",17.8233,73.0796,Red,Low,Active,Fallow,Paid,Irrigated area,2025-07-29
PLOT276,Siya Jani,Kaira Pawar,244/A,571,2.83,Non-Agricultural,Ichalkaranji,Karjat,Kolhapur,Maharashtra,Joint,4,Wheat,Borewell,Legal Dispute,M8254,2022-06-17,₹748136,₹2179797,Gift,R9844,XXXX-XXXX-2241,SXCPB8323M,07886755488,"05/728, Salvi Path, Bihar Sharif-444960",19.1256,75.6391,Black Cotton,Medium,Active,Residential,Unpaid,Irrigated area,2024-10-21
PLOT277,Armaan Tata,Taimur Deshmukh,866/C,137,9.27,Non-Agricultural,Akola,Rahuri,Pune,Maharashtra,Single,1,Wheat,Well,Bank Loan,M6805,2025-07-30,₹287673,₹1387023,Sale,R7659,XXXX-XXXX-1443,STXPD2433L,5010392545,"91, Keer Zila, Kulti 796545",17.7854,73.0164,Red,Low,Active,Residential,Paid,Under observation,2025-03-03
PLOT278,Charvi Grewal,Kartik Deshmukh,913/C,559,6.14,Agricultural,New Delhi,Karjat,Latur,Maharashtra,Single,1,Wheat,Borewell,None,M5361,2023-10-08,₹799948,₹1644657,Sale,R4375,XXXX-XXXX-9166,FKQPE6624D,+917587267452,"31, Deshpande Road, Mangalore-658365",19.6507,73.0921,Laterite,Low,Disputed,Crop,Paid,Under observation,2024-11-26
PLOT279,Ehsaan Dara,Emir Pawar,874/C,139,8.68,Non-Agricultural,Faridabad,Shrigonda,Pune,Maharashtra,Single,1,Fallow,Borewell,Legal Dispute,M5047,2020-10-21,₹426078,₹1983733,Gift,R9676,XXXX-XXXX-7299,YABPE5232C,04655134211,"H.No. 60, Bhagat Zila, Dewas 304887",17.2417,73.719,Sandy,Medium,Disputed,Residential,Unpaid,Partially cultivated,2024-12-21
PLOT280,Ahana  Devi,Ivan Jadhav,984/A,457,10.78,Non-Agricultural,Hindupur,Rahuri,Beed,Maharashtra,Joint,4,Soybean,Borewell,None,M4737,2021-10-02,₹273721,₹2184003,Sale,R1637,XXXX-XXXX-4058,GSBPY6688I,+915731426292,"H.No. 374, Bawa Street, Faridabad-648462",17.5884,73.6405,Laterite,Low,Active,Crop,Unpaid,Irrigated area,2024-10-12
PLOT281,Biju Desai,Aarav Shinde,543/B,785,4.6,Non-Agricultural,Ahmednagar,Sangola,Satara,Maharashtra,Single,1,Cotton,Canal,Bank Loan,M8123,2024-12-30,₹815552,₹2095344,Gift,R6752,XXXX-XXXX-5032,XZWPA7914Z,07210837596,"H.No. 17, Dixit Road, Tiruchirappalli 980457",19.3805,75.1455,Laterite,Medium,Active,Crop,Unpaid,Dryland,2024-10-10
PLOT282,Stuvan Batta,Purab More,262/A,207,2.8,Non-Agricultural,Maheshtala,Sangola,Pune,Maharashtra,Single,1,Paddy,Borewell,None,M5071,2024-10-03,₹763842,₹1665693,Inheritance,R3104,XXXX-XXXX-2104,GZWPQ2900V,09638228218,"H.No. 63, Chaudhari Nagar, Sonipat 512176",19.2227,73.3135,Red,Medium,Active,Fallow,Unpaid,Partially cultivated,2025-05-18
PLOT283,Kabir Chaudhary,Inaaya  Pawar,883/C,858,1.87,Non-Agricultural,Rewa,Karmala,Latur,Maharashtra,Joint,4,Cotton,Well,Bank Loan,M6404,2024-03-23,₹894617,₹2273457,Gift,R1974,XXXX-XXXX-3741,SVZPX7784G,3033651975,"953, Varma Circle, Deoghar-152131",19.0113,73.0607,Alluvial,Medium,Disputed,Crop,Unpaid,Partially cultivated,2024-11-26
PLOT284,Yashvi Shukla,Dhruv Patil,710/C,991,9.46,Non-Agricultural,Shivpuri,Beed,Latur,Maharashtra,Single,1,Fallow,Canal,Bank Loan,M3417,2021-12-07,₹746661,₹2110693,Gift,R9926,XXXX-XXXX-7061,WORPH1309P,+914341884422,"H.No. 142, Baria Marg, Guna-072202",19.1789,74.0425,Red,Fertile,Active,Fallow,Paid,Requires leveling,2025-10-04
PLOT285,Sara Konda,Ira Jadhav,378/C,737,3.18,Non-Agricultural,Bettiah,Rahuri,Kolhapur,Maharashtra,Joint,5,Cotton,Borewell,Mortgage,M4614,2023-02-24,₹403713,₹2404533,Gift,R5710,XXXX-XXXX-4514,FUNPL0677M,01372005882,"625, Dave Nagar, Bhiwandi 820801",17.1267,73.4582,Alluvial,Medium,Active,Fallow,Unpaid,Partially cultivated,2025-04-15
PLOT286,Piya Sachar,Vivaan Deshmukh,818/A,107,9.38,Non-Agricultural,Bhind,Karmala,Latur,Maharashtra,Joint,5,Wheat,Canal,Legal Dispute,M5159,2021-03-16,₹814198,₹2323952,Inheritance,R4349,XXXX-XXXX-6267,GDRPG0756Z,+917066080357,"28/67, Bhatnagar Chowk, Bhatpara-237543",19.2868,73.8625,Alluvial,Fertile,Disputed,Residential,Unpaid,Under observation,2025-04-07
PLOT287,Aniruddh Mani,Pihu Shinde,346/C,875,2.25,Agricultural,Raurkela Industrial Township,Rahuri,Kolhapur,Maharashtra,Joint,2,Fallow,Canal,Mortgage,M4808,2024-01-03,₹813578,₹1243976,Sale,R6315,XXXX-XXXX-6036,BNPPL9603A,+916924392665,"855, Ranganathan Marg, Ahmedabad-060132",17.4231,74.3123,Laterite,Fertile,Active,Residential,Paid,Boundary not verified,2025-09-08
PLOT288,Hunar Sane,Vanya Pawar,688/A,465,9.8,Agricultural,Morbi,Karjat,Nashik,Maharashtra,Joint,3,Fallow,Well,Legal Dispute,M8825,2020-11-26,₹556239,₹2469305,Gift,R4268,XXXX-XXXX-4254,ACHPZ3644C,02589565657,"80, Vala Chowk, Bathinda 220591",18.8307,75.9677,Black Cotton,Fertile,Disputed,Fallow,Unpaid,Partially cultivated,2025-01-20
PLOT289,Adah Kannan,Tejas Deshmukh,668/C,461,0.6,Agricultural,Dhanbad,Karjat,Kolhapur,Maharashtra,Single,1,Cotton,Rainfed,Mortgage,M3253,2022-01-19,₹750698,₹1495196,Inheritance,R2929,XXXX-XXXX-5436,NNAPA9285D,+912088272483,"229, Sinha Path, Dibrugarh-456041",18.4226,75.7968,Sandy,Medium,Active,Residential,Paid,Irrigated area,2024-11-04
PLOT290,Jayesh Gade,Aarna More,649/A,588,8.12,Agricultural,Morbi,Baramati,Ahmednagar,Maharashtra,Joint,3,Maize,Canal,Mortgage,M5369,2024-05-04,₹725986,₹1871746,Gift,R3233,XXXX-XXXX-5665,PEXPH8605N,9031964538,"H.No. 07, Dugar Zila, Arrah 422980",17.841,73.2054,Red,Medium,Active,Fallow,Unpaid,Partially cultivated,2025-07-09
PLOT291,Jayesh Tara,Jivin Shinde,881/C,947,9.66,Non-Agricultural,Bhatpara,Shrigonda,Latur,Maharashtra,Joint,3,Sugarcane,Canal,Mortgage,M9621,2021-10-04,₹826011,₹1035569,Inheritance,R9021,XXXX-XXXX-9076,SCZPD6514B,+914781020897,"75, Dara Path, Aizawl-384819",17.6369,73.0143,Laterite,Low,Disputed,Crop,Unpaid,Boundary not verified,2025-09-07
PLOT292,Anvi Aurora,Ivana Deshmukh,164/B,403,7.14,Non-Agricultural,Meerut,Baramati,Latur,Maharashtra,Single,1,Soybean,Canal,Bank Loan,M9880,2024-12-29,₹442701,₹2380126,Gift,R9647,XXXX-XXXX-9640,PDLPV4527J,+913391949968,"47/12, Karan Road, Bhopal 920586",17.7344,73.1126,Red,Fertile,Disputed,Residential,Unpaid,Partially cultivated,2025-04-16
PLOT293,Kaira Lad,Anahita Shinde,592/C,565,9.18,Non-Agricultural,Bally,Beed,Solapur,Maharashtra,Single,1,Maize,Rainfed,Bank Loan,M4927,2023-09-10,₹565451,₹2012737,Gift,R4840,XXXX-XXXX-3016,NPSPW6774E,+916966393470,"191, Gara Ganj, Anantapuram 713632",18.1844,73.8617,Laterite,Fertile,Disputed,Fallow,Paid,Requires leveling,2025-03-03
PLOT294,Emir Ghose,Aayush Pawar,276/C,114,9.33,Non-Agricultural,Ahmednagar,Baramati,Kolhapur,Maharashtra,Single,1,Soybean,Canal,Bank Loan,M3014,2023-08-29,₹470517,₹1898112,Sale,R6118,XXXX-XXXX-6475,EAOPA7240G,+918338449957,"139, Sem Circle, Bidhannagar 776949",18.2696,75.1834,Sandy,Medium,Active,Fallow,Paid,Irrigated area,2024-10-27
PLOT295,Adah Batta,Shalv More,452/C,448,1.91,Agricultural,Tadepalligudem,Karmala,Satara,Maharashtra,Single,1,Soybean,Rainfed,Mortgage,M6370,2025-03-01,₹644107,₹1502232,Gift,R7816,XXXX-XXXX-6083,VARPR1555R,+912147269260,"35/45, Aurora Zila, Bhiwandi 448555",19.4982,75.4418,Alluvial,Medium,Active,Residential,Unpaid,Boundary not verified,2024-10-09
PLOT296,Aarush Thakur,Pranay Patil,764/A,795,3.35,Non-Agricultural,Singrauli,Shrigonda,Ahmednagar,Maharashtra,Joint,4,Wheat,Well,Bank Loan,M9082,2022-03-03,₹674021,₹1084103,Gift,R2341,XXXX-XXXX-1349,FANPS9575K,+910088695227,"96/775, Sridhar Circle, Anand 749408",19.8204,75.4615,Sandy,Medium,Disputed,Residential,Paid,Dryland,2025-03-11
PLOT297,Stuvan Khanna,Gatik More,487/B,999,10.6,Non-Agricultural,Guntur,Karjat,Solapur,Maharashtra,Single,1,Sugarcane,Well,Bank Loan,M7749,2024-04-23,₹420959,₹1837760,Inheritance,R3370,XXXX-XXXX-9128,YLVPO9990W,+918743408590,"617, Singhal, Malda 489720",19.5431,74.8473,Laterite,Low,Disputed,Residential,Paid,Boundary not verified,2024-12-31
PLOT298,Urvi Srivastava,Zaina Patil,437/A,755,11.99,Agricultural,Mira-Bhayandar,Shrigonda,Pune,Maharashtra,Single,1,Soybean,Borewell,Mortgage,M6515,2024-12-19,₹867863,₹2035451,Inheritance,R4470,XXXX-XXXX-7763,HGMPN2906I,04222866489,"96, Ravi Zila, Kalyan-Dombivli-603409",19.2999,74.9064,Alluvial,Fertile,Disputed,Crop,Paid,Irrigated area,2025-09-11
PLOT299,Faiyaz Biswas,Damini Kadam,914/C,808,0.84,Non-Agricultural,Kumbakonam,Beed,Latur,Maharashtra,Joint,3,Sugarcane,Rainfed,Bank Loan,M5691,2024-03-27,₹414979,₹1076758,Sale,R3215,XXXX-XXXX-6412,UQQPE4861Q,03876541772,"597, Jaggi Marg, Fatehpur 590249",18.124,75.9816,Red,Fertile,Disputed,Crop,Unpaid,Under observation,2025-09-14
PLOT300,Neysa Tiwari,Darshit More,993/C,685,7.99,Agricultural,Muzaffarpur,Rahuri,Solapur,Maharashtra,Single,1,Sugarcane,Borewell,Legal Dispute,M7643,2023-03-28,₹398055,₹1857322,Sale,R6047,XXXX-XXXX-1748,CTAPZ3879T,09639394275,"98, Brahmbhatt Path, Howrah-156819",19.2087,73.7363,Black Cotton,Low,Disputed,Crop,Paid,Requires leveling,2025-03-05
PLOT301,Sahil Jani,Hazel More,477/A,134,7.3,Agricultural,Dewas,Mohol,Ahmednagar,Maharashtra,Single,1,Maize,Borewell,Mortgage,M5541,2024-09-18,₹543935,₹2359590,Sale,R6358,XXXX-XXXX-3456,AZKPM8187G,05875177093,"99/83, Magar Road, Gandhinagar 477231",19.4422,74.644,Alluvial,Fertile,Active,Fallow,Unpaid,Requires leveling,2024-11-04
PLOT302,Ayesha Dhaliwal,Inaaya  More,688/A,533,8.93,Agricultural,Vadodara,Beed,Latur,Maharashtra,Joint,4,Cotton,Rainfed,Legal Dispute,M7751,2021-09-20,₹669843,₹1895045,Inheritance,R9656,XXXX-XXXX-4983,QVWPI4467K,+915537776978,"34/614, Dixit Marg, Raichur-839611",19.2139,75.8513,Red,Fertile,Disputed,Fallow,Paid,Requires leveling,2025-09-12
PLOT303,Sumer Shetty,Ivan Deshmukh,883/C,313,1.81,Non-Agricultural,Darbhanga,Beed,Pune,Maharashtra,Single,1,Soybean,Borewell,Legal Dispute,M3636,2023-07-31,₹752119,₹2460224,Sale,R4524,XXXX-XXXX-3719,DEAPJ6441P,08404217766,"65/79, Chandra Circle, Kulti 350527",19.4112,74.6671,Red,Medium,Disputed,Crop,Unpaid,Under observation,2025-02-25
PLOT304,Uthkarsh Lala,Stuvan Kadam,611/B,701,2.24,Agricultural,Cuttack,Karjat,Satara,Maharashtra,Single,1,Cotton,Borewell,None,M7498,2023-11-13,₹260260,₹1199463,Gift,R2200,XXXX-XXXX-3817,ZXRPK0463K,7146416652,"84, Sani Ganj, Kanpur 651061",17.4063,73.7164,Sandy,Low,Disputed,Fallow,Paid,Under observation,2025-08-16
PLOT305,Jiya Devan,Saanvi Deshmukh,960/B,406,5.88,Non-Agricultural,Bhusawal,Beed,Solapur,Maharashtra,Single,1,Cotton,Well,Bank Loan,M7739,2024-09-24,₹842456,₹2440059,Gift,R4914,XXXX-XXXX-5748,EIUPM4526H,4682726522,"268, Bora Ganj, Ahmednagar-036300",18.1959,73.4051,Sandy,Fertile,Disputed,Residential,Paid,Requires leveling,2024-11-05
PLOT306,Neelofar Bawa,Inaaya  Deshmukh,962/A,748,4.87,Agricultural,Ambala,Karmala,Solapur,Maharashtra,Joint,2,Cotton,Well,Bank Loan,M9300,2025-05-18,₹338119,₹1864323,Sale,R1800,XXXX-XXXX-1129,FIDPH7717I,2298610180,"96, Batta Nagar, Dehradun 821198",17.2894,75.535,Sandy,Low,Active,Crop,Unpaid,Partially cultivated,2025-02-25
PLOT307,Kashvi Saha,Indrajit Patil,824/A,237,9.5,Agricultural,Kishanganj,Karmala,Beed,Maharashtra,Joint,4,Cotton,Canal,Mortgage,M2578,2024-09-08,₹496321,₹1804506,Inheritance,R9183,XXXX-XXXX-9606,JUMPT6990H,07925347941,"H.No. 94, Dhawan Marg, Dindigul-577525",17.4887,73.0533,Red,Fertile,Disputed,Fallow,Paid,Irrigated area,2025-08-09
PLOT308,Miraan Seth,Kiara More,889/B,417,0.83,Agricultural,Pondicherry,Karmala,Nashik,Maharashtra,Single,1,Maize,Rainfed,Bank Loan,M2401,2023-03-28,₹568167,₹2281243,Gift,R4425,XXXX-XXXX-9475,BZKPA1014L,8711962218,"86/50, Randhawa Circle, Srikakulam 003857",18.967,74.0529,Sandy,Low,Active,Crop,Unpaid,Boundary not verified,2024-10-24
PLOT309,Lagan Sani,Bhavin Pawar,127/C,887,7.65,Agricultural,Bhiwandi,Rahuri,Ahmednagar,Maharashtra,Single,1,Fallow,Borewell,None,M9125,2022-12-04,₹425595,₹2220109,Gift,R5360,XXXX-XXXX-1870,WHBPQ9399D,4145550872,"66/47, Kar Street, Gudivada-635735",18.775,75.1835,Alluvial,Medium,Disputed,Fallow,Paid,Irrigated area,2025-01-28
PLOT310,Aaryahi Shere,Kashvi Shinde,671/C,491,8.54,Non-Agricultural,Rohtak,Beed,Nashik,Maharashtra,Joint,4,Paddy,Borewell,Mortgage,M7720,2021-06-09,₹699489,₹988742,Gift,R7994,XXXX-XXXX-5593,HVQPG7834Y,2209196258,"36/537, Walla Zila, Ambattur 777711",17.2994,75.2111,Black Cotton,Low,Disputed,Fallow,Paid,Partially cultivated,2025-06-04
PLOT311,Dhanuk Sethi,Madhup Pawar,792/B,903,5.43,Agricultural,Surendranagar Dudhrej,Mohol,Solapur,Maharashtra,Single,1,Paddy,Borewell,Legal Dispute,M4969,2025-02-17,₹685272,₹1822148,Gift,R5822,XXXX-XXXX-1777,PGRPB8101M,01070353359,"45/94, Sathe Street, Bidar-003379",18.8807,74.0364,Alluvial,Low,Active,Crop,Unpaid,Irrigated area,2025-07-19
PLOT312,Anika Gour,Lagan Shinde,692/A,971,7.55,Non-Agricultural,Nadiad,Shrigonda,Satara,Maharashtra,Single,1,Cotton,Well,Mortgage,M2682,2020-10-13,₹642127,₹2259614,Sale,R8796,XXXX-XXXX-6516,YXPPG8310J,03255873003,"15/87, Guha Path, Proddatur-705080",19.8803,75.9261,Black Cotton,Medium,Active,Crop,Unpaid,Boundary not verified,2025-01-15
PLOT313,Indrajit Kara,Ahana  Deshmukh,302/B,980,7.41,Non-Agricultural,Salem,Mohol,Kolhapur,Maharashtra,Single,1,Wheat,Rainfed,Bank Loan,M8296,2021-05-05,₹432252,₹1657757,Inheritance,R7853,XXXX-XXXX-9349,XHUPC0051K,+918544735945,"07, Bhattacharyya Zila, Ulhasnagar 553481",17.7249,74.684,Sandy,Low,Active,Residential,Unpaid,Dryland,2024-11-12
PLOT314,Kabir Kota,Fateh Kadam,793/B,353,7.1,Non-Agricultural,Nagaon,Karjat,Solapur,Maharashtra,Single,1,Paddy,Canal,Bank Loan,M7181,2025-07-06,₹778436,₹1195418,Inheritance,R5762,XXXX-XXXX-7924,FLVPE9716L,+911562210366,"32, Swamy Ganj, Howrah-254783",17.1969,74.6574,Red,Fertile,Disputed,Crop,Paid,Under observation,2025-09-06
PLOT315,Krish Savant,Kismat Shinde,729/B,370,1.81,Non-Agricultural,Kakinada,Pandharpur,Nashik,Maharashtra,Single,1,Fallow,Canal,Legal Dispute,M2790,2022-11-19,₹263983,₹1718510,Sale,R2877,XXXX-XXXX-2440,EUQPR8307D,+917588293385,"70/41, Kashyap Zila, Asansol 421802",19.5654,75.7778,Alluvial,Medium,Disputed,Residential,Paid,Boundary not verified,2024-10-14
PLOT316,Jayan Sampath,Zoya Deshmukh,884/B,846,3.37,Agricultural,Sultan Pur Majra,Shrigonda,Beed,Maharashtra,Single,1,Maize,Borewell,Legal Dispute,M1393,2020-12-29,₹752964,₹2181813,Sale,R1263,XXXX-XXXX-3706,WEIPZ4009S,+913602869490,"H.No. 82, Dua Path, Panvel-800367",18.6394,73.7752,Sandy,Low,Active,Crop,Paid,Under observation,2025-01-26
PLOT317,Lakshay Jaggi,Priyansh Deshmukh,385/B,466,0.78,Non-Agricultural,Ramagundam,Beed,Satara,Maharashtra,Joint,5,Fallow,Canal,Legal Dispute,M7913,2021-07-23,₹612336,₹1953130,Gift,R3810,XXXX-XXXX-8110,JRSPR9179Q,+912824600278,"H.No. 221, Chad Street, Ongole 938699",18.524,73.2235,Sandy,Low,Disputed,Fallow,Paid,Dryland,2025-03-29
PLOT318,Himmat Agarwal,Adah Kadam,831/A,647,7.05,Non-Agricultural,Satara,Karmala,Kolhapur,Maharashtra,Joint,3,Maize,Canal,None,M6024,2020-10-23,₹813873,₹2193697,Inheritance,R5170,XXXX-XXXX-2715,ALIPA1593S,9022510075,"299, Wali, Sasaram 595719",17.8246,73.4851,Alluvial,Fertile,Active,Residential,Unpaid,Irrigated area,2025-07-09
PLOT319,Lakshit Bhasin,Ryan More,109/B,939,8.41,Agricultural,Amravati,Karmala,Kolhapur,Maharashtra,Single,1,Wheat,Well,Bank Loan,M8679,2024-01-01,₹279934,₹1656481,Inheritance,R2169,XXXX-XXXX-1180,SCEPP1211Y,+912079028709,"787, Cheema, Nangloi Jat 118728",18.427,74.9883,Alluvial,Fertile,Disputed,Residential,Unpaid,Irrigated area,2025-06-01
PLOT320,Veer Din,Tarini Kadam,534/C,909,8.7,Agricultural,Rajkot,Pandharpur,Latur,Maharashtra,Joint,4,Wheat,Well,Legal Dispute,M2228,2021-11-22,₹815016,₹1912164,Sale,R2008,XXXX-XXXX-8787,IYTPT4830M,+918538404925,"H.No. 599, Banerjee Ganj, Siwan 743919",19.2828,73.3055,Red,Low,Disputed,Crop,Paid,Under observation,2025-02-17
PLOT321,Rohan Kanda,Anahi More,121/B,694,1.15,Agricultural,Buxar,Shrigonda,Satara,Maharashtra,Single,1,Soybean,Rainfed,Legal Dispute,M3063,2022-08-06,₹680976,₹1472238,Gift,R9973,XXXX-XXXX-8368,WNAPM6813S,9511366438,"077, Sen Zila, Meerut 052209",17.8758,75.2615,Sandy,Low,Active,Residential,Paid,Irrigated area,2024-12-06
PLOT322,Charvi Yohannan,Yuvaan Shinde,516/C,119,10.44,Non-Agricultural,Anand,Baramati,Solapur,Maharashtra,Joint,4,Sugarcane,Canal,Bank Loan,M1588,2025-03-06,₹503298,₹2066834,Inheritance,R5500,XXXX-XXXX-9666,YAYPH7670U,00807103007,"93/428, Rastogi Path, Rourkela-146778",19.2875,73.5612,Sandy,Fertile,Disputed,Residential,Unpaid,Requires leveling,2025-09-13
PLOT323,Manikya Kanda,Kashvi Deshmukh,823/A,907,5.25,Agricultural,Guwahati,Baramati,Satara,Maharashtra,Single,1,Fallow,Borewell,Legal Dispute,M7922,2022-05-27,₹427110,₹2361806,Sale,R1306,XXXX-XXXX-1008,XFTPT9985C,09643732676,"47/49, Chowdhury Circle, Naihati 192326",17.3488,74.0268,Red,Low,Active,Crop,Paid,Dryland,2025-03-31
PLOT324,Ayesha Khalsa,Rasha Deshmukh,595/C,510,10.94,Agricultural,Karnal,Beed,Satara,Maharashtra,Joint,4,Cotton,Well,Legal Dispute,M8041,2025-07-27,₹520579,₹2159283,Gift,R7463,XXXX-XXXX-1381,JJXPV4617N,00210511583,"33, Sood Path, Dhule 044214",19.3528,73.4952,Black Cotton,Fertile,Active,Fallow,Unpaid,Irrigated area,2025-03-28
PLOT325,Yakshit Joshi,Manikya Patil,456/C,939,4.16,Non-Agricultural,Vasai-Virar,Karmala,Ahmednagar,Maharashtra,Joint,2,Soybean,Rainfed,None,M2053,2023-03-30,₹793779,₹2437383,Inheritance,R9999,XXXX-XXXX-4539,OIEPL8504L,6678488232,"18/21, Dewan Nagar, Gorakhpur 961994",18.6524,73.9526,Laterite,Fertile,Active,Residential,Unpaid,Dryland,2024-12-03
PLOT326,Armaan Das,Sara Deshmukh,584/B,644,0.63,Agricultural,Khora ,Pandharpur,Ahmednagar,Maharashtra,Single,1,Paddy,Well,Bank Loan,M5543,2023-03-31,₹662822,₹1368295,Inheritance,R5575,XXXX-XXXX-8806,TXEPF2907Q,+919714257404,"H.No. 41, Dube Chowk, Surat 602507",17.1914,74.3615,Alluvial,Fertile,Active,Fallow,Paid,Requires leveling,2025-05-01
PLOT327,Devansh Kulkarni,Divyansh Shinde,981/B,590,8.73,Non-Agricultural,Ghaziabad,Karjat,Satara,Maharashtra,Single,1,Cotton,Borewell,Bank Loan,M8692,2023-03-10,₹357060,₹1580691,Inheritance,R4473,XXXX-XXXX-9123,ZSEPY9464P,1596778568,"26/69, Dayal Road, Sikar-443769",19.137,74.2813,Alluvial,Fertile,Disputed,Residential,Paid,Irrigated area,2025-01-11
PLOT328,Hunar Varghese,Vihaan More,853/B,509,10.37,Non-Agricultural,Arrah,Mohol,Satara,Maharashtra,Single,1,Sugarcane,Rainfed,Bank Loan,M1242,2022-07-30,₹693327,₹2079359,Inheritance,R7350,XXXX-XXXX-1348,LWMPT9993D,1767223247,"H.No. 793, Bose, Sonipat-242453",17.5181,73.0867,Alluvial,Low,Active,Fallow,Unpaid,Requires leveling,2025-06-05
PLOT329,Tanya Batta,Romil Pawar,329/A,537,11.11,Non-Agricultural,Guna,Karmala,Pune,Maharashtra,Single,1,Maize,Rainfed,None,M9914,2024-11-12,₹324851,₹1187761,Inheritance,R6302,XXXX-XXXX-3825,WSVPD1185I,03460696627,"H.No. 78, Hora Ganj, Ahmednagar 387505",18.5568,73.419,Alluvial,Fertile,Active,Fallow,Paid,Partially cultivated,2025-07-17
PLOT330,Emir Chacko,Advika Patil,414/B,767,7.32,Non-Agricultural,Tirupati,Beed,Kolhapur,Maharashtra,Joint,2,Cotton,Well,Legal Dispute,M3573,2025-06-26,₹365314,₹2271434,Gift,R9772,XXXX-XXXX-7165,DXTPT1354L,+918488642490,"209, Chana Chowk, Ahmednagar-801970",17.9389,73.4898,Sandy,Medium,Active,Fallow,Paid,Irrigated area,2024-11-13
PLOT331,Gatik Mane,Dishani Jadhav,472/A,108,9.73,Non-Agricultural,Phagwara,Karjat,Kolhapur,Maharashtra,Joint,5,Fallow,Rainfed,None,M2568,2024-11-11,₹250717,₹2163758,Sale,R6317,XXXX-XXXX-5257,YYTPJ6893T,02545329148,"368, Khalsa Path, Panchkula 987317",19.5278,74.1853,Alluvial,Fertile,Disputed,Residential,Paid,Irrigated area,2025-07-12
PLOT332,Vivaan Choudhary,Alisha Shinde,568/C,571,2.48,Agricultural,Ongole,Beed,Ahmednagar,Maharashtra,Joint,3,Cotton,Canal,None,M1332,2021-07-07,₹801305,₹968761,Gift,R6809,XXXX-XXXX-2719,CCHPY1171P,5987412376,"H.No. 626, Gala Nagar, Alappuzha 884161",18.2911,73.7717,Black Cotton,Medium,Disputed,Fallow,Paid,Boundary not verified,2025-01-21
PLOT333,Hridaan Chaudhary,Jayan Pawar,973/A,310,1.18,Agricultural,Singrauli,Beed,Ahmednagar,Maharashtra,Single,1,Sugarcane,Borewell,Mortgage,M5753,2022-08-21,₹889847,₹1502524,Sale,R5358,XXXX-XXXX-6946,GCLPE3436I,03660242479,"22, Malhotra Circle, Raipur-917877",19.9683,74.439,Sandy,Medium,Active,Residential,Paid,Dryland,2025-04-15
PLOT334,Charvi Vig,Ryan Pawar,101/C,760,10.06,Agricultural,Nagercoil,Karmala,Nashik,Maharashtra,Single,1,Paddy,Well,Mortgage,M7311,2024-10-10,₹650918,₹1364740,Inheritance,R5779,XXXX-XXXX-2551,HJHPZ0655N,4198171549,"73/490, Saran Street, Jamnagar 654928",18.2079,73.2612,Alluvial,Low,Disputed,Residential,Unpaid,Irrigated area,2025-07-24
PLOT335,Misha Mane,Oorja Deshmukh,949/C,682,10.58,Non-Agricultural,Bokaro,Karjat,Nashik,Maharashtra,Single,1,Soybean,Rainfed,Legal Dispute,M1049,2023-10-25,₹397505,₹2024390,Sale,R7874,XXXX-XXXX-2997,BPZPB8015S,03876085704,"H.No. 267, Srinivas Nagar, Kulti-539440",19.1934,73.0164,Laterite,Low,Active,Crop,Paid,Requires leveling,2024-11-04
PLOT336,Aniruddh Sandhu,Mannat More,742/C,233,10.18,Agricultural,Katni,Mohol,Beed,Maharashtra,Single,1,Fallow,Well,None,M3961,2025-04-15,₹350448,₹1093297,Sale,R9269,XXXX-XXXX-4084,YBWPW9590F,09781715993,"H.No. 43, Rastogi Street, Phagwara-769640",19.1364,75.1508,Alluvial,Low,Disputed,Residential,Unpaid,Irrigated area,2025-02-03
PLOT337,Mehul Batra,Umang Kadam,383/B,292,7.05,Non-Agricultural,Narasaraopet,Pandharpur,Pune,Maharashtra,Joint,4,Maize,Borewell,Legal Dispute,M4626,2023-08-10,₹631763,₹2292113,Inheritance,R3142,XXXX-XXXX-5806,KRVPU7116E,07739231382,"73, Aggarwal Street, Nangloi Jat 332772",17.1816,73.7427,Sandy,Low,Disputed,Residential,Unpaid,Irrigated area,2025-04-10
PLOT338,Mehul Chakraborty,Manikya More,634/B,335,2.77,Non-Agricultural,Ulhasnagar,Beed,Nashik,Maharashtra,Joint,5,Sugarcane,Well,Mortgage,M4405,2021-01-14,₹493078,₹1366551,Inheritance,R8231,XXXX-XXXX-5150,EUDPL4384H,05777155886,"H.No. 72, Varma Street, Tirupati-032408",19.3203,75.6403,Sandy,Medium,Active,Crop,Unpaid,Partially cultivated,2024-12-03
PLOT339,Pihu Bhattacharyya,Hrishita Jadhav,348/A,208,1.44,Non-Agricultural,Gangtok,Karjat,Kolhapur,Maharashtra,Single,1,Fallow,Canal,Legal Dispute,M3684,2025-01-18,₹584450,₹2277011,Gift,R6763,XXXX-XXXX-7478,VWGPV1534H,02099438357,"58, Wadhwa Ganj, Bellary 728805",18.5364,75.9349,Sandy,Fertile,Disputed,Residential,Paid,Partially cultivated,2025-03-26
PLOT340,Rasha Savant,Stuvan Pawar,132/C,343,4.26,Agricultural,Dharmavaram,Baramati,Nashik,Maharashtra,Single,1,Soybean,Rainfed,Mortgage,M9403,2025-08-14,₹401085,₹1405656,Gift,R3901,XXXX-XXXX-9840,CYWPY0218Y,03637273291,"754, Mander Chowk, Navi Mumbai-939902",17.4071,73.7977,Black Cotton,Fertile,Disputed,Crop,Unpaid,Dryland,2025-07-20
PLOT341,Azad Bhandari,Nirvaan Kadam,860/A,651,2.03,Non-Agricultural,Pali,Mohol,Beed,Maharashtra,Single,1,Wheat,Canal,Mortgage,M8660,2024-05-04,₹898412,₹2281613,Inheritance,R5199,XXXX-XXXX-6675,QVSPZ2428O,5921376126,"873, Talwar Zila, Tumkur 213653",19.2258,74.5529,Sandy,Low,Active,Crop,Paid,Irrigated area,2025-05-18
PLOT342,Diya Raju,Vaibhav Kadam,949/A,855,2.14,Non-Agricultural,Khammam,Shrigonda,Kolhapur,Maharashtra,Joint,5,Sugarcane,Canal,Legal Dispute,M7048,2021-11-08,₹442024,₹1931584,Sale,R6066,XXXX-XXXX-6263,LHCPJ4517B,+918914064407,"878, Salvi Chowk, Tumkur-454575",17.1623,75.1174,Laterite,Fertile,Disputed,Fallow,Unpaid,Under observation,2025-02-20
PLOT343,Madhav Sodhi,Lakshit Patil,359/B,850,8.08,Non-Agricultural,Malegaon,Karmala,Nashik,Maharashtra,Single,1,Soybean,Borewell,Mortgage,M9038,2022-12-21,₹707659,₹2047732,Gift,R9834,XXXX-XXXX-5933,FSHPV9066I,5704914281,"H.No. 22, Ganesan Path, Dharmavaram-625226",17.7823,74.4304,Red,Medium,Disputed,Fallow,Paid,Partially cultivated,2025-01-26
PLOT344,Nishith Baral,Vivaan Kadam,161/C,963,3.54,Agricultural,Darbhanga,Shrigonda,Pune,Maharashtra,Single,1,Soybean,Canal,Legal Dispute,M4137,2022-04-18,₹835212,₹1076653,Inheritance,R4887,XXXX-XXXX-5383,MAWPV2760Y,+910347438813,"63, Vora Circle, Raiganj 796141",19.7872,74.7218,Alluvial,Medium,Active,Crop,Paid,Requires leveling,2025-03-02
PLOT345,Tiya Dar,Kanav Patil,663/A,651,4.58,Agricultural,Karaikudi,Beed,Kolhapur,Maharashtra,Single,1,Sugarcane,Well,Mortgage,M8130,2020-12-20,₹610116,₹1748369,Inheritance,R8392,XXXX-XXXX-5600,IWCPZ8767F,02815521200,"118, Dugar Road, Bhilwara-344955",18.2131,75.0772,Black Cotton,Fertile,Disputed,Fallow,Unpaid,Under observation,2025-07-17
PLOT346,Taran Shenoy,Azad Deshmukh,458/A,537,9.66,Non-Agricultural,Bulandshahr,Baramati,Beed,Maharashtra,Single,1,Maize,Canal,Bank Loan,M8799,2025-05-20,₹782222,₹1205051,Sale,R7769,XXXX-XXXX-5936,OSHPI3320G,+919886114823,"H.No. 677, Chandra Street, Nizamabad-178714",18.7305,75.0745,Red,Medium,Disputed,Residential,Paid,Irrigated area,2025-05-31
PLOT347,Aayush Biswas,Nakul Shinde,826/A,363,9.0,Agricultural,Silchar,Karmala,Solapur,Maharashtra,Joint,5,Fallow,Well,Mortgage,M2606,2025-02-08,₹470543,₹1348724,Gift,R8293,XXXX-XXXX-2866,QZMPK9299C,+917701317437,"H.No. 718, Randhawa, Jehanabad-807827",19.2947,75.6822,Laterite,Fertile,Disputed,Crop,Unpaid,Irrigated area,2025-02-23
PLOT348,Aarav Ramesh,Miraan Shinde,852/B,789,10.76,Non-Agricultural,Dehri,Sangola,Beed,Maharashtra,Joint,5,Fallow,Well,Legal Dispute,M9663,2023-01-08,₹277384,₹1604620,Gift,R6051,XXXX-XXXX-1582,UEBPZ5334W,7212026191,"57, Khatri Nagar, Raurkela Industrial Township-154771",19.7689,74.1526,Laterite,Fertile,Active,Residential,Unpaid,Irrigated area,2024-11-26
PLOT349,Dharmajan Chopra,Jivin Jadhav,546/C,543,8.31,Agricultural,Madurai,Rahuri,Satara,Maharashtra,Single,1,Cotton,Rainfed,Mortgage,M3796,2022-12-27,₹589730,₹1053243,Inheritance,R7619,XXXX-XXXX-2376,CWVPE9410X,0772054586,"74/355, Goda Zila, Tiruvottiyur 992250",18.3339,73.0855,Black Cotton,Medium,Active,Fallow,Paid,Boundary not verified,2025-07-27
PLOT350,Tanya Ramakrishnan,Krish Deshmukh,904/A,485,6.08,Non-Agricultural,Shahjahanpur,Karjat,Solapur,Maharashtra,Joint,2,Wheat,Borewell,Mortgage,M4408,2023-01-06,₹884905,₹2042652,Gift,R2742,XXXX-XXXX-8431,IFEPA9128D,+912735580792,"97, Dani Circle, Sangli-Miraj & Kupwad-448008",17.9534,75.8751,Laterite,Medium,Disputed,Residential,Unpaid,Under observation,2025-02-05
PLOT351,Tarini Sarraf,Anya Jadhav,143/A,603,6.07,Agricultural,Delhi,Shrigonda,Pune,Maharashtra,Single,1,Fallow,Rainfed,Legal Dispute,M4204,2023-02-17,₹260008,₹1238005,Gift,R9366,XXXX-XXXX-8590,QEAPS8561L,+914831186159,"H.No. 577, Din Nagar, Bilaspur 629984",18.6362,73.1502,Black Cotton,Fertile,Active,Crop,Unpaid,Partially cultivated,2025-06-12
PLOT352,Riaan Chana,Mannat Pawar,114/A,298,3.24,Non-Agricultural,Sikar,Rahuri,Solapur,Maharashtra,Joint,2,Fallow,Rainfed,None,M7781,2024-03-08,₹283926,₹2140719,Inheritance,R7218,XXXX-XXXX-9506,GRYPH0376O,+917059856569,"86, Dixit Path, Pimpri-Chinchwad-110576",17.9145,73.6164,Red,Low,Active,Fallow,Unpaid,Partially cultivated,2024-11-06
PLOT353,Himmat Krishnamurthy,Aarav Shinde,769/C,612,8.27,Agricultural,Medininagar,Karjat,Beed,Maharashtra,Single,1,Cotton,Rainfed,Bank Loan,M9721,2021-02-13,₹438213,₹1600255,Inheritance,R8317,XXXX-XXXX-8297,VUNPQ6860L,+914817452872,"85/88, Bhavsar, Bangalore 161862",18.7756,75.6259,Red,Medium,Active,Fallow,Paid,Irrigated area,2025-04-24
PLOT354,Suhana Varughese,Prisha More,467/B,688,3.96,Agricultural,Morbi,Mohol,Pune,Maharashtra,Joint,2,Maize,Rainfed,Bank Loan,M1728,2022-12-07,₹606571,₹2213491,Sale,R2964,XXXX-XXXX-5325,OHZPE4200W,0435907912,"H.No. 180, Sundaram Zila, Satara-246654",17.5409,74.5759,Laterite,Fertile,Active,Fallow,Unpaid,Under observation,2025-06-06
PLOT355,Mohanlal Barman,Zain Shinde,902/A,880,8.08,Agricultural,Hospet,Baramati,Pune,Maharashtra,Joint,5,Cotton,Rainfed,Mortgage,M9398,2020-12-01,₹759860,₹2458852,Gift,R5703,XXXX-XXXX-5672,EZWPQ4598T,4954558471,"27/40, Keer Road, Pali-651866",17.203,74.0526,Sandy,Fertile,Disputed,Fallow,Unpaid,Requires leveling,2025-04-30
PLOT356,Anvi Dutta,Nitya Kadam,343/A,708,3.72,Agricultural,Ambala,Pandharpur,Nashik,Maharashtra,Joint,5,Paddy,Canal,Legal Dispute,M2745,2022-01-03,₹719831,₹1322616,Inheritance,R6497,XXXX-XXXX-6863,PYVPQ7020S,07297282790,"H.No. 652, Dora Road, Haridwar 989877",18.9289,75.6068,Red,Low,Disputed,Crop,Paid,Dryland,2025-04-11
PLOT357,Jayan Sampath,Darshit Jadhav,676/A,130,4.11,Non-Agricultural,Mangalore,Mohol,Beed,Maharashtra,Single,1,Maize,Well,Bank Loan,M2730,2022-04-27,₹770318,₹1875911,Sale,R2646,XXXX-XXXX-5313,HGZPE6426E,3285130943,"628, Buch Path, Karaikudi 754570",17.8592,75.5783,Black Cotton,Medium,Disputed,Residential,Unpaid,Requires leveling,2025-03-31
PLOT358,Romil Deshpande,Rati More,849/A,231,4.27,Agricultural,Imphal,Shrigonda,Nashik,Maharashtra,Joint,3,Cotton,Canal,Bank Loan,M7051,2023-04-22,₹577834,₹2201064,Sale,R6428,XXXX-XXXX-5252,JISPL6464A,1636388192,"05, Sekhon Path, Delhi-433662",17.6982,73.8733,Alluvial,Medium,Active,Crop,Unpaid,Boundary not verified,2024-12-27
PLOT359,Khushi Taneja,Shlok Kadam,613/A,328,10.93,Non-Agricultural,Khammam,Rahuri,Beed,Maharashtra,Single,1,Cotton,Rainfed,Mortgage,M5746,2022-03-29,₹742674,₹1856701,Sale,R7637,XXXX-XXXX-7905,HGDPA5386A,08772194844,"76/04, Behl Chowk, Bally 802855",19.5672,74.7742,Sandy,Low,Active,Residential,Unpaid,Dryland,2025-05-14
PLOT360,Manikya Khalsa,Piya Shinde,993/B,509,5.91,Non-Agricultural,Bhiwani,Shrigonda,Nashik,Maharashtra,Joint,4,Paddy,Rainfed,Mortgage,M7295,2024-08-16,₹763791,₹1225391,Inheritance,R4144,XXXX-XXXX-3543,PXDPG7864G,8822730101,"91/92, Char Chowk, Jaipur-021069",17.084,75.7983,Red,Medium,Active,Residential,Unpaid,Dryland,2025-02-04
PLOT361,Dishani Batra,Kimaya Deshmukh,444/B,590,8.67,Non-Agricultural,Bongaigaon,Beed,Nashik,Maharashtra,Joint,4,Wheat,Canal,Mortgage,M9285,2021-04-07,₹508039,₹1849548,Gift,R1312,XXXX-XXXX-4933,PSCPL8691J,+911336462085,"H.No. 60, Sur Road, Narasaraopet-350231",19.4549,75.6594,Black Cotton,Fertile,Disputed,Crop,Paid,Irrigated area,2025-05-07
PLOT362,Divyansh Goyal,Nakul Deshmukh,350/A,180,7.48,Non-Agricultural,Kulti,Mohol,Nashik,Maharashtra,Single,1,Cotton,Canal,Bank Loan,M4065,2024-04-07,₹291701,₹2349235,Sale,R4988,XXXX-XXXX-9827,JBZPQ7386A,08244816419,"82/54, Brahmbhatt, Nangloi Jat 772985",17.5412,75.0028,Alluvial,Fertile,Disputed,Crop,Unpaid,Requires leveling,2025-06-20
PLOT363,Amira Magar,Divij Deshmukh,535/A,142,9.03,Non-Agricultural,Bahraich,Shrigonda,Solapur,Maharashtra,Single,1,Paddy,Canal,Bank Loan,M6164,2023-07-17,₹815282,₹1598778,Gift,R1480,XXXX-XXXX-6841,KKQPV8746J,09033812401,"16/64, Date Road, Adoni-338272",18.5011,75.6492,Red,Fertile,Active,Residential,Paid,Under observation,2024-11-28
PLOT364,Prisha Divan,Alisha Jadhav,869/A,362,6.43,Non-Agricultural,Saharsa,Karmala,Beed,Maharashtra,Joint,2,Cotton,Borewell,None,M6012,2023-04-24,₹522033,₹2352736,Inheritance,R3164,XXXX-XXXX-6901,FHSPR8814I,4587533931,"H.No. 66, Hegde Marg, Shimoga-173725",17.361,73.7288,Black Cotton,Low,Active,Crop,Paid,Partially cultivated,2025-03-26
PLOT365,Neysa Wali,Vihaan Deshmukh,543/A,882,4.27,Non-Agricultural,Bally,Karjat,Kolhapur,Maharashtra,Joint,2,Wheat,Well,Legal Dispute,M8307,2022-01-24,₹327258,₹1010334,Gift,R3412,XXXX-XXXX-3674,KUCPB2497W,00343159300,"44/221, Golla Street, Kumbakonam-183930",19.5052,73.5157,Sandy,Medium,Disputed,Residential,Paid,Under observation,2025-08-23
PLOT366,Anahi Suresh,Anvi Patil,929/A,591,6.18,Agricultural,Bardhaman,Shrigonda,Nashik,Maharashtra,Single,1,Maize,Canal,Mortgage,M5079,2023-04-24,₹859906,₹2474457,Inheritance,R7746,XXXX-XXXX-5878,WYHPW0013V,09742973680,"95/50, Mahal Circle, Solapur-373691",17.5152,75.2556,Sandy,Low,Disputed,Residential,Paid,Irrigated area,2025-01-25
PLOT367,Shayak Rege,Parinaaz Shinde,485/A,865,5.66,Non-Agricultural,Nagaon,Pandharpur,Latur,Maharashtra,Joint,4,Fallow,Well,None,M3610,2023-08-18,₹554453,₹1891161,Sale,R9470,XXXX-XXXX-2578,STBPB9447A,+917241538776,"325, Saran Circle, Jammu-841047",18.2791,74.3174,Red,Medium,Disputed,Residential,Paid,Irrigated area,2025-01-24
PLOT368,Piya Korpal,Manikya Patil,689/C,523,7.44,Agricultural,Visakhapatnam,Karjat,Nashik,Maharashtra,Single,1,Soybean,Rainfed,Mortgage,M1554,2021-07-21,₹480467,₹2353464,Inheritance,R1315,XXXX-XXXX-4086,IDLPN0840Q,3319937548,"02/62, Chad Chowk, Noida-323811",19.073,73.2672,Alluvial,Low,Disputed,Residential,Unpaid,Dryland,2024-11-02
PLOT369,Oorja Singh,Shray Kadam,114/A,137,8.78,Agricultural,Nandyal,Pandharpur,Beed,Maharashtra,Single,1,Sugarcane,Rainfed,None,M8612,2024-07-27,₹668534,₹1169717,Sale,R3099,XXXX-XXXX-7619,DVOPA4109W,+913461897042,"70/22, Sehgal Marg, Nagpur-124162",19.8533,73.8477,Laterite,Medium,Active,Fallow,Unpaid,Partially cultivated,2024-10-29
PLOT370,Ira Sibal,Riaan Jadhav,806/B,260,10.52,Non-Agricultural,Chapra,Karjat,Nashik,Maharashtra,Single,1,Cotton,Canal,Bank Loan,M6537,2024-04-19,₹322529,₹2011355,Gift,R5375,XXXX-XXXX-7895,PMEPT5719P,+915224483791,"33/658, Kashyap Road, Rajpur Sonarpur 090573",19.8465,74.3645,Sandy,Low,Active,Fallow,Unpaid,Partially cultivated,2025-03-09
PLOT371,Anay Sachdeva,Ayesha Kadam,205/C,481,1.17,Agricultural,Nangloi Jat,Beed,Kolhapur,Maharashtra,Single,1,Sugarcane,Rainfed,Bank Loan,M3777,2023-05-05,₹878541,₹1672537,Sale,R6191,XXXX-XXXX-8430,EHPPS2771S,+911598410036,"38, Dewan, Thiruvananthapuram-285808",17.0934,75.8421,Alluvial,Low,Active,Residential,Unpaid,Irrigated area,2025-09-27
PLOT372,Farhan Garde,Riya Deshmukh,948/B,342,7.5,Non-Agricultural,Pondicherry,Mohol,Ahmednagar,Maharashtra,Joint,4,Paddy,Rainfed,None,M5799,2021-10-23,₹692541,₹1890926,Inheritance,R8681,XXXX-XXXX-9787,JPWPU2404B,2015607715,"958, Sami Path, New Delhi 040317",18.4574,73.6818,Red,Low,Active,Crop,Paid,Dryland,2024-10-23
PLOT373,Ela Arora,Bhavin Pawar,559/C,464,8.03,Non-Agricultural,Bhilai,Beed,Pune,Maharashtra,Joint,2,Soybean,Borewell,Mortgage,M3808,2025-04-15,₹541832,₹1987425,Inheritance,R4180,XXXX-XXXX-5623,DKQPP0939A,+913983954845,"36/36, Tak Road, Vellore-812079",18.4113,75.129,Alluvial,Fertile,Active,Crop,Unpaid,Partially cultivated,2025-07-02
PLOT374,Manikya Bansal,Aniruddh Patil,198/B,318,3.54,Non-Agricultural,Bihar Sharif,Baramati,Ahmednagar,Maharashtra,Joint,5,Wheat,Canal,Legal Dispute,M1861,2022-01-24,₹833374,₹1226080,Sale,R9967,XXXX-XXXX-9696,MIIPP1699B,4520550646,"69, Ben Zila, Madhyamgram 578829",19.0125,73.2611,Sandy,Fertile,Disputed,Crop,Unpaid,Boundary not verified,2025-05-19
PLOT375,Jivin Sura,Madhav Jadhav,352/B,660,3.17,Agricultural,Farrukhabad,Mohol,Pune,Maharashtra,Single,1,Maize,Well,Bank Loan,M3746,2021-06-10,₹614634,₹2100963,Gift,R1547,XXXX-XXXX-2908,JYJPY4836R,07299065118,"93, Dayal Chowk, Ranchi 132694",18.3955,73.1434,Sandy,Medium,Active,Crop,Paid,Requires leveling,2025-02-12
PLOT376,Seher Lata,Kanav Pawar,262/A,935,1.36,Non-Agricultural,Dharmavaram,Sangola,Nashik,Maharashtra,Single,1,Sugarcane,Canal,Legal Dispute,M6560,2021-08-16,₹885734,₹1513480,Gift,R6649,XXXX-XXXX-7846,ASZPO9578F,+912192076835,"90, Ravi Street, Bettiah-570236",17.9436,75.9061,Laterite,Fertile,Active,Fallow,Paid,Irrigated area,2025-06-10
PLOT377,Samarth Manne,Kanav More,440/C,161,3.7,Agricultural,Bhalswa Jahangir Pur,Baramati,Pune,Maharashtra,Joint,5,Paddy,Well,Mortgage,M4075,2020-10-21,₹493251,₹1852223,Gift,R3186,XXXX-XXXX-1085,OBLPI1971H,03215834964,"881, Choudhury Ganj, Imphal 808913",18.4904,75.0572,Sandy,Fertile,Active,Crop,Paid,Partially cultivated,2025-05-06
PLOT378,Aarna Agarwal,Advika Deshmukh,458/B,877,5.36,Agricultural,Panihati,Shrigonda,Pune,Maharashtra,Joint,5,Fallow,Canal,Legal Dispute,M3178,2021-05-23,₹433666,₹1264115,Sale,R6001,XXXX-XXXX-5525,VUIPB9070G,5656261650,"846, Jha Nagar, Rampur 291881",19.0855,75.1483,Sandy,Fertile,Disputed,Residential,Paid,Partially cultivated,2024-12-05
PLOT379,Ishita Khare,Piya Pawar,604/C,292,6.67,Agricultural,Nangloi Jat,Karmala,Nashik,Maharashtra,Single,1,Paddy,Canal,None,M2670,2022-12-08,₹353974,₹1566771,Sale,R2026,XXXX-XXXX-8531,XKFPE3529Y,00391112274,"82/010, Ganguly, Tinsukia-292958",19.4339,73.5351,Black Cotton,Fertile,Active,Residential,Paid,Under observation,2025-03-03
PLOT380,Devansh Mall,Inaaya  Kadam,487/C,570,3.54,Agricultural,Firozabad,Pandharpur,Ahmednagar,Maharashtra,Joint,2,Wheat,Canal,Bank Loan,M4483,2024-01-17,₹894827,₹1367602,Gift,R3170,XXXX-XXXX-6125,XMSPI2960D,06904225323,"H.No. 938, Chandran Ganj, Gurgaon-321507",17.2946,73.8281,Red,Low,Disputed,Fallow,Unpaid,Dryland,2024-12-23
PLOT381,Emir Thakur,Madhup Jadhav,495/C,326,1.37,Non-Agricultural,Raurkela Industrial Township,Rahuri,Pune,Maharashtra,Joint,3,Sugarcane,Canal,Bank Loan,M1139,2023-02-11,₹302794,₹1830403,Gift,R2406,XXXX-XXXX-6379,XWBPJ8638C,+916444275482,"28/647, Rau Ganj, Bhalswa Jahangir Pur 681909",18.7508,74.4979,Laterite,Low,Active,Residential,Unpaid,Dryland,2025-01-04
PLOT382,Charvi Gala,Siya Patil,183/B,133,1.89,Agricultural,Dhanbad,Pandharpur,Satara,Maharashtra,Joint,4,Soybean,Rainfed,Legal Dispute,M5821,2022-12-10,₹680668,₹1224781,Inheritance,R4839,XXXX-XXXX-5273,GABPI1414F,+914828530482,"49/04, Sha Chowk, Unnao-772873",19.5337,75.2748,Alluvial,Low,Disputed,Fallow,Paid,Partially cultivated,2025-03-20
PLOT383,Damini Sunder,Farhan Jadhav,606/C,964,1.17,Agricultural,Miryalaguda,Rahuri,Satara,Maharashtra,Single,1,Wheat,Well,Legal Dispute,M4573,2022-01-13,₹779302,₹2112658,Gift,R7488,XXXX-XXXX-1610,EVQPQ8140L,1990507561,"H.No. 64, Badal Ganj, Asansol-819963",19.8021,75.4582,Laterite,Fertile,Active,Fallow,Unpaid,Boundary not verified,2025-03-08
PLOT384,Saira Rama,Jayesh Jadhav,595/C,858,6.74,Agricultural,Bareilly,Rahuri,Nashik,Maharashtra,Joint,3,Soybean,Borewell,None,M7299,2024-12-26,₹441391,₹1128024,Gift,R8474,XXXX-XXXX-8201,TEAPI2631G,9012761806,"32, Sandal, Sultan Pur Majra-862729",17.5466,73.8266,Sandy,Medium,Active,Fallow,Unpaid,Boundary not verified,2025-05-03
PLOT385,Farhan Kuruvilla,Samar Deshmukh,439/A,184,2.06,Agricultural,Amaravati,Shrigonda,Satara,Maharashtra,Single,1,Paddy,Well,Legal Dispute,M1192,2023-09-23,₹358969,₹1267084,Gift,R8617,XXXX-XXXX-2775,NVLPP3755J,4553371997,"H.No. 908, Dara Path, Aizawl 325431",19.5435,75.9372,Black Cotton,Fertile,Disputed,Fallow,Unpaid,Irrigated area,2025-04-15
PLOT386,Divit Ranganathan,Kiaan Kadam,206/C,355,9.95,Non-Agricultural,Mathura,Shrigonda,Pune,Maharashtra,Single,1,Sugarcane,Rainfed,None,M1912,2024-01-19,₹298992,₹1508437,Sale,R2252,XXXX-XXXX-5701,IZMPZ5615Z,8167090643,"302, Goyal Ganj, Ichalkaranji-721166",17.6392,73.5984,Red,Medium,Active,Fallow,Unpaid,Dryland,2025-09-19
PLOT387,Divyansh Rau,Ayesha Patil,739/B,840,8.85,Agricultural,Bidhannagar,Rahuri,Ahmednagar,Maharashtra,Single,1,Wheat,Rainfed,Legal Dispute,M7759,2022-05-07,₹309031,₹2473270,Sale,R7025,XXXX-XXXX-6711,TKOPO1838W,2992139404,"68/730, Raj Nagar, Yamunanagar-011219",19.5354,75.7118,Alluvial,Fertile,Disputed,Crop,Unpaid,Irrigated area,2025-08-12
PLOT388,Nehmat Malhotra,Badal Kadam,412/B,313,10.26,Non-Agricultural,Ulhasnagar,Baramati,Latur,Maharashtra,Single,1,Cotton,Borewell,Bank Loan,M5702,2022-11-10,₹453153,₹1687748,Gift,R5014,XXXX-XXXX-8063,SIWPK8431G,01160257043,"H.No. 968, Dara, Bikaner-479257",17.5788,75.3175,Black Cotton,Medium,Disputed,Residential,Paid,Dryland,2025-09-08
PLOT389,Kartik Barad,Ojas Pawar,154/A,921,8.05,Agricultural,Nagpur,Sangola,Pune,Maharashtra,Single,1,Sugarcane,Canal,Legal Dispute,M1718,2023-09-10,₹881882,₹1073565,Gift,R2914,XXXX-XXXX-1301,AIVPI9689Y,+916926082632,"H.No. 17, Sharaf Marg, Sri Ganganagar 326934",19.2108,75.558,Sandy,Medium,Active,Crop,Unpaid,Partially cultivated,2025-05-23
PLOT390,Rasha D’Alia,Rohan Jadhav,603/C,238,6.74,Agricultural,Bangalore,Beed,Latur,Maharashtra,Single,1,Sugarcane,Borewell,Mortgage,M3434,2023-08-28,₹399383,₹2472637,Gift,R6975,XXXX-XXXX-2474,VPWPU5497B,8097955921,"H.No. 71, Master Nagar, Tirunelveli-052034",18.0685,74.041,Sandy,Low,Active,Fallow,Unpaid,Requires leveling,2025-08-30
PLOT391,Dharmajan Lanka,Romil Jadhav,642/A,187,9.47,Agricultural,Chapra,Shrigonda,Solapur,Maharashtra,Joint,5,Fallow,Rainfed,Legal Dispute,M1128,2021-08-19,₹788313,₹2199225,Inheritance,R8124,XXXX-XXXX-8830,ZEIPZ4868G,09398166544,"22/892, Uppal Zila, Bhagalpur-452956",17.9039,75.6462,Alluvial,Fertile,Disputed,Fallow,Paid,Under observation,2025-08-05
PLOT392,Samarth Deo,Taran Shinde,493/A,157,3.95,Non-Agricultural,Bhalswa Jahangir Pur,Pandharpur,Kolhapur,Maharashtra,Single,1,Soybean,Canal,None,M2576,2022-01-30,₹367068,₹1276821,Sale,R2796,XXXX-XXXX-6615,CTKPG4162A,04861255989,"73/471, Karan Road, Arrah-610776",18.3702,75.2261,Red,Low,Active,Crop,Unpaid,Dryland,2025-08-07
PLOT393,Umang Boase,Vidur Kadam,528/A,125,5.23,Non-Agricultural,Jamalpur,Shrigonda,Latur,Maharashtra,Joint,2,Cotton,Canal,Legal Dispute,M2508,2023-11-16,₹884300,₹2193151,Sale,R9629,XXXX-XXXX-9896,ZTXPH2873S,2326302716,"11/472, Khare Street, Kishanganj-442030",18.986,75.3239,Black Cotton,Fertile,Disputed,Crop,Paid,Under observation,2024-11-19
PLOT394,Baiju Chaudry,Pari Patil,698/A,674,2.04,Non-Agricultural,Danapur,Baramati,Kolhapur,Maharashtra,Single,1,Sugarcane,Rainfed,None,M6169,2022-03-31,₹347694,₹1801025,Inheritance,R3234,XXXX-XXXX-8914,TSRPS6300O,4053269988,"06, Bedi Marg, Secunderabad-029278",19.7542,73.3491,Red,Fertile,Active,Crop,Paid,Boundary not verified,2025-07-07
PLOT395,Saanvi Kar,Tanya Kadam,274/B,947,2.53,Agricultural,Varanasi,Karmala,Beed,Maharashtra,Single,1,Cotton,Canal,Legal Dispute,M8133,2024-12-21,₹447693,₹2201969,Inheritance,R2615,XXXX-XXXX-6044,SCNPP8384L,02124973894,"43, Kulkarni Marg, Thane 980508",17.9325,75.2912,Laterite,Medium,Active,Fallow,Paid,Boundary not verified,2025-04-08
PLOT396,Ivana Sabharwal,Vihaan Pawar,340/C,417,9.74,Non-Agricultural,Ambarnath,Baramati,Ahmednagar,Maharashtra,Joint,4,Sugarcane,Canal,Legal Dispute,M4769,2024-03-13,₹569210,₹2428489,Gift,R4970,XXXX-XXXX-8064,YCOPW6819R,4249442033,"H.No. 65, Gade Street, Tezpur 189694",18.7237,73.6032,Alluvial,Medium,Active,Fallow,Unpaid,Boundary not verified,2025-03-10
PLOT397,Aniruddh Dugal,Ehsaan Jadhav,619/A,246,5.85,Agricultural,Gaya,Mohol,Solapur,Maharashtra,Single,1,Sugarcane,Canal,Legal Dispute,M1843,2021-10-05,₹431535,₹2238184,Sale,R5032,XXXX-XXXX-8904,GTVPI2134I,+915233658618,"H.No. 873, Mand, Satara-270764",19.6549,73.4641,Sandy,Fertile,Active,Fallow,Paid,Partially cultivated,2024-10-22
PLOT398,Ranbir Sani,Ishaan Shinde,550/A,163,3.44,Agricultural,Kirari Suleman Nagar,Sangola,Kolhapur,Maharashtra,Joint,3,Wheat,Rainfed,Mortgage,M6361,2024-07-19,₹847524,₹2444369,Sale,R2562,XXXX-XXXX-7056,VBLPX7194K,02611093729,"H.No. 12, Khare Chowk, Tadepalligudem 259259",18.9224,74.8324,Sandy,Fertile,Disputed,Fallow,Paid,Requires leveling,2025-04-26
PLOT399,Vivaan Sem,Gokul Pawar,661/C,105,5.66,Non-Agricultural,Pimpri-Chinchwad,Karjat,Kolhapur,Maharashtra,Joint,5,Maize,Canal,None,M6099,2021-07-04,₹427522,₹1491538,Gift,R9740,XXXX-XXXX-4950,LGFPM2929W,9673117724,"37/99, Chawla Road, Pondicherry 712123",17.4702,73.1748,Alluvial,Medium,Disputed,Residential,Paid,Requires leveling,2024-10-15
PLOT400,Gatik Rastogi,Gokul Jadhav,522/C,306,1.79,Agricultural,Loni,Shrigonda,Beed,Maharashtra,Single,1,Fallow,Canal,None,M9970,2023-01-26,₹892909,₹1340017,Gift,R5115,XXXX-XXXX-1135,TGHPC7229V,9722334598,"94/071, Tak Chowk, Gulbarga 397287",17.5288,73.8008,Red,Low,Disputed,Crop,Unpaid,Boundary not verified,2025-06-12
PLOT401,Rati Manda,Jayesh Deshmukh,666/A,462,1.0,Non-Agricultural,Begusarai,Pandharpur,Ahmednagar,Maharashtra,Joint,3,Paddy,Borewell,None,M8506,2024-04-07,₹595152,₹2382640,Sale,R5757,XXXX-XXXX-9880,MBDPA1564U,+910042020132,"632, Chaudhuri Circle, Nagaon-938480",19.0369,74.2133,Black Cotton,Fertile,Active,Fallow,Paid,Boundary not verified,2025-09-16
PLOT402,Eva Gupta,Anvi Jadhav,813/B,426,11.86,Agricultural,Hazaribagh,Pandharpur,Pune,Maharashtra,Single,1,Fallow,Canal,Mortgage,M4069,2024-02-14,₹488219,₹1528540,Gift,R7577,XXXX-XXXX-5370,ENVPZ7678D,05453416888,"12, Madan Nagar, Bhopal-136334",17.4622,73.8606,Black Cotton,Medium,Active,Residential,Paid,Boundary not verified,2025-06-22
PLOT403,Tarini Rastogi,Indranil Kadam,314/A,195,0.83,Agricultural,Ozhukarai,Rahuri,Solapur,Maharashtra,Single,1,Wheat,Rainfed,Mortgage,M3912,2023-01-25,₹289569,₹2283939,Gift,R2711,XXXX-XXXX-3428,KTKPF9690F,01618287918,"987, Bal Circle, Shimla 429930",19.5056,75.8759,Laterite,Fertile,Active,Fallow,Paid,Irrigated area,2025-05-21
PLOT404,Kabir Sura,Saira Pawar,943/A,836,0.69,Non-Agricultural,Nizamabad,Sangola,Latur,Maharashtra,Single,1,Wheat,Canal,Mortgage,M1345,2022-01-29,₹720107,₹1238092,Sale,R3574,XXXX-XXXX-7691,ZYWPB2542A,+914483271653,"58, Rau, Indore 214682",18.5357,73.2391,Alluvial,Medium,Active,Residential,Paid,Dryland,2025-05-27
PLOT405,Lakshay Raval,Neelofar Pawar,484/C,577,8.86,Non-Agricultural,Aurangabad,Sangola,Nashik,Maharashtra,Joint,2,Paddy,Well,Legal Dispute,M8086,2022-08-25,₹410626,₹1280981,Gift,R7526,XXXX-XXXX-5242,PCPPI5203N,00689417476,"02/77, Iyengar Marg, Jhansi-881523",19.3961,73.2736,Laterite,Low,Active,Crop,Paid,Requires leveling,2024-12-21
PLOT406,Saira Dasgupta,Jivika Jadhav,820/A,196,3.03,Non-Agricultural,Bhagalpur,Beed,Nashik,Maharashtra,Single,1,Fallow,Canal,None,M4217,2022-04-01,₹771564,₹2367737,Sale,R3472,XXXX-XXXX-8171,XRYPP9507P,09558238726,"98/373, Sen Street, Sonipat-180310",19.9055,73.4796,Red,Fertile,Disputed,Crop,Paid,Partially cultivated,2025-05-13
PLOT407,Pranay Dhillon,Neysa Deshmukh,982/C,899,6.35,Agricultural,Bangalore,Pandharpur,Satara,Maharashtra,Single,1,Cotton,Well,Legal Dispute,M9993,2022-09-15,₹686215,₹2080612,Gift,R8047,XXXX-XXXX-5402,VGZPZ6257S,09365885798,"H.No. 76, Kunda Zila, Silchar-160723",18.4223,75.0463,Sandy,Fertile,Active,Crop,Unpaid,Dryland,2025-07-19
PLOT408,Saanvi Mann,Misha More,354/C,816,3.03,Non-Agricultural,South Dumdum,Rahuri,Pune,Maharashtra,Joint,2,Soybean,Rainfed,Mortgage,M2252,2021-09-08,₹386052,₹1122530,Sale,R4265,XXXX-XXXX-5289,OMSPK5394P,05880914954,"H.No. 869, Dey Nagar, Dehradun 538372",19.7458,73.6731,Red,Low,Disputed,Fallow,Unpaid,Requires leveling,2024-10-27
PLOT409,Mamooty Maharaj,Saksham More,711/A,875,9.57,Agricultural,Bally,Baramati,Ahmednagar,Maharashtra,Single,1,Cotton,Canal,Mortgage,M6897,2025-06-05,₹531388,₹2032461,Sale,R8722,XXXX-XXXX-8916,AXBPB0129N,8247931767,"H.No. 665, Vohra Nagar, Tadepalligudem-907381",19.3829,74.0026,Red,Fertile,Disputed,Crop,Unpaid,Under observation,2025-07-19
PLOT410,Emir Bali,Rati Patil,591/A,786,4.25,Agricultural,Karnal,Sangola,Beed,Maharashtra,Single,1,Wheat,Well,Legal Dispute,M2066,2025-02-02,₹557590,₹2284590,Gift,R7768,XXXX-XXXX-9837,WNAPK8027K,04270410154,"99, Singh Ganj, Raurkela Industrial Township-057971",19.6108,73.3245,Alluvial,Low,Disputed,Residential,Unpaid,Under observation,2025-04-22
PLOT411,Jivin Master,Sana Patil,421/C,966,2.96,Non-Agricultural,Narasaraopet,Baramati,Pune,Maharashtra,Joint,4,Soybean,Well,Bank Loan,M1242,2023-01-01,₹765576,₹2412481,Sale,R8692,XXXX-XXXX-1049,IFMPP1620Y,+917179436495,"94/059, Ramachandran Path, Gaya 849652",17.5708,75.352,Black Cotton,Medium,Active,Crop,Paid,Partially cultivated,2025-02-23
PLOT412,Dhruv Ganesh,Vardaniya Shinde,103/B,803,0.52,Agricultural,Chinsurah,Baramati,Satara,Maharashtra,Single,1,Soybean,Rainfed,Mortgage,M6048,2025-02-18,₹768004,₹2205001,Gift,R8059,XXXX-XXXX-7625,CEIPP8364E,02789262075,"H.No. 308, Borde Circle, Ratlam-402375",17.2673,73.408,Alluvial,Medium,Disputed,Residential,Paid,Partially cultivated,2024-11-30
PLOT413,Manikya Sidhu,Suhana Jadhav,521/C,682,2.4,Agricultural,Jamnagar,Rahuri,Satara,Maharashtra,Single,1,Wheat,Well,Legal Dispute,M3697,2022-08-13,₹316076,₹1438341,Inheritance,R8425,XXXX-XXXX-4315,CMYPF3835M,+912832598774,"73/597, Sunder Chowk, Jalgaon 110459",18.8608,73.5727,Black Cotton,Fertile,Active,Crop,Unpaid,Dryland,2025-08-11
PLOT414,Suhana Tara,Dishani Patil,369/B,924,11.65,Agricultural,Bhubaneswar,Baramati,Beed,Maharashtra,Single,1,Fallow,Well,Bank Loan,M3329,2021-04-25,₹392160,₹2270228,Sale,R1971,XXXX-XXXX-6072,ZTWPM6729W,+915412746994,"35/252, Choudhry Ganj, Nagaon-540181",17.1234,73.612,Laterite,Low,Disputed,Crop,Unpaid,Requires leveling,2025-05-19
PLOT415,Miraya Deshpande,Anay Patil,172/A,487,9.06,Agricultural,Ghaziabad,Pandharpur,Satara,Maharashtra,Joint,4,Wheat,Rainfed,Bank Loan,M4069,2021-05-25,₹610815,₹1629121,Gift,R4695,XXXX-XXXX-8905,YTZPH9253E,4261090804,"H.No. 63, Dhaliwal, Farrukhabad 866726",18.6889,75.0741,Laterite,Medium,Disputed,Fallow,Paid,Partially cultivated,2024-10-28
PLOT416,Renee Ramesh,Rania Jadhav,228/A,723,4.1,Agricultural,Orai,Mohol,Satara,Maharashtra,Joint,2,Maize,Canal,Mortgage,M1934,2021-03-16,₹638318,₹2257348,Inheritance,R8983,XXXX-XXXX-3083,QGDPD3135Z,5475933406,"72, Chakraborty Circle, Naihati-846730",17.8117,74.8361,Black Cotton,Fertile,Active,Crop,Unpaid,Partially cultivated,2025-10-07
PLOT417,Chirag Sangha,Dhruv Pawar,445/C,828,2.26,Agricultural,Delhi,Beed,Nashik,Maharashtra,Joint,4,Sugarcane,Canal,None,M8613,2024-08-23,₹752617,₹1242194,Gift,R7655,XXXX-XXXX-6253,WBHPT6580I,8987855367,"19, Chacko Chowk, Bulandshahr 626297",19.2059,73.2938,Laterite,Medium,Disputed,Crop,Paid,Partially cultivated,2024-12-07
PLOT418,Zoya Deol,Taimur Pawar,917/A,335,5.53,Non-Agricultural,Mumbai,Karjat,Latur,Maharashtra,Joint,3,Paddy,Borewell,Mortgage,M8310,2024-03-31,₹430571,₹2294071,Inheritance,R4863,XXXX-XXXX-5823,PWVPA9246Y,7039076977,"H.No. 84, Ramaswamy Circle, Medininagar-185130",18.4109,73.0857,Alluvial,Low,Disputed,Fallow,Unpaid,Under observation,2024-12-11
PLOT419,Zaina Kumer,Samarth More,950/B,191,11.18,Agricultural,Miryalaguda,Karmala,Beed,Maharashtra,Joint,5,Fallow,Canal,None,M4809,2025-05-31,₹592686,₹1167930,Sale,R1690,XXXX-XXXX-9762,NFRPS5233O,+918882192937,"80/51, Kumer Path, Bhilai 766355",17.3321,75.6585,Red,Fertile,Disputed,Residential,Unpaid,Under observation,2025-01-08
PLOT420,Bhavin Handa,Armaan Jadhav,842/A,941,11.72,Agricultural,Srinagar,Beed,Satara,Maharashtra,Single,1,Cotton,Well,Mortgage,M6241,2022-06-14,₹566204,₹2311348,Gift,R4498,XXXX-XXXX-8807,AABPP6255J,+916210341553,"50, Amble Circle, Siliguri-455867",19.88,73.1935,Alluvial,Medium,Disputed,Fallow,Paid,Boundary not verified,2024-12-16
PLOT421,Rasha Solanki,Tanya Jadhav,402/A,525,4.21,Non-Agricultural,Karawal Nagar,Sangola,Satara,Maharashtra,Joint,3,Soybean,Canal,Legal Dispute,M5566,2022-02-27,₹699352,₹1827455,Sale,R4475,XXXX-XXXX-8511,PEUPS4571M,08883547927,"528, Srivastava Path, Sasaram-603016",18.8588,75.5699,Red,Medium,Active,Fallow,Paid,Dryland,2025-01-26
PLOT422,Tejas Sood,Zoya Deshmukh,900/A,914,4.5,Agricultural,Tirupati,Beed,Solapur,Maharashtra,Joint,2,Maize,Well,Mortgage,M1410,2022-07-07,₹794917,₹1082557,Sale,R3148,XXXX-XXXX-5103,VBLPC1269L,+912629642452,"H.No. 17, Thaker Marg, Jamalpur 909177",19.3925,75.8755,Red,Fertile,Active,Fallow,Paid,Boundary not verified,2025-03-14
PLOT423,Ela Swaminathan,Jhanvi Deshmukh,158/B,740,2.91,Agricultural,Guna,Shrigonda,Kolhapur,Maharashtra,Single,1,Soybean,Well,Mortgage,M9778,2024-03-19,₹815699,₹1447286,Inheritance,R9823,XXXX-XXXX-7894,QEYPL8683L,6755553315,"H.No. 16, Bhatt Road, Muzaffarnagar-722445",18.5579,75.2029,Red,Low,Active,Crop,Paid,Partially cultivated,2025-02-23
PLOT424,Urvi Goswami,Sana Pawar,582/A,282,7.43,Non-Agricultural,Ghaziabad,Shrigonda,Nashik,Maharashtra,Joint,5,Fallow,Rainfed,Legal Dispute,M4661,2021-05-12,₹758889,₹1161637,Sale,R3459,XXXX-XXXX-4035,RUIPW7595N,3923713313,"421, Sibal, Amaravati 673292",19.1472,73.7505,Black Cotton,Low,Active,Residential,Unpaid,Partially cultivated,2025-03-07
PLOT425,Vivaan Chandran,Samiha Patil,323/A,834,8.19,Agricultural,Bilaspur,Beed,Kolhapur,Maharashtra,Joint,4,Sugarcane,Rainfed,Bank Loan,M9877,2025-06-02,₹693665,₹1542836,Sale,R6617,XXXX-XXXX-7136,NZFPX5606X,07530491117,"H.No. 26, Vaidya Path, Imphal-451214",19.5663,75.7798,Black Cotton,Low,Active,Fallow,Paid,Partially cultivated,2025-09-18
PLOT426,Dhanuk Chadha,Kavya Deshmukh,568/C,220,5.11,Agricultural,Bharatpur,Mohol,Pune,Maharashtra,Joint,3,Fallow,Canal,Bank Loan,M1106,2024-10-27,₹261051,₹2101697,Sale,R6884,XXXX-XXXX-8972,PDFPX6760R,06049588754,"H.No. 36, Kannan Marg, Pallavaram 521570",19.7616,74.8495,Black Cotton,Fertile,Disputed,Residential,Unpaid,Requires leveling,2025-05-20
PLOT427,Parinaaz Raman,Neysa Pawar,591/C,965,3.76,Non-Agricultural,Tumkur,Pandharpur,Beed,Maharashtra,Single,1,Sugarcane,Well,Mortgage,M2661,2022-06-26,₹733612,₹1545810,Inheritance,R8841,XXXX-XXXX-6802,XINPG3019L,+910957156280,"657, Kala, Aurangabad 939519",19.0481,74.8729,Black Cotton,Medium,Disputed,Fallow,Paid,Dryland,2025-01-06
PLOT428,Lakshay Goswami,Hrishita Jadhav,682/A,247,6.84,Agricultural,Dhanbad,Pandharpur,Kolhapur,Maharashtra,Joint,5,Fallow,Well,Bank Loan,M2372,2020-10-13,₹740681,₹1700704,Inheritance,R9258,XXXX-XXXX-8023,YJEPT0447P,+919484539234,"39/252, Agarwal Ganj, Gangtok-470378",19.1581,75.165,Alluvial,Medium,Active,Fallow,Unpaid,Boundary not verified,2025-08-28
PLOT429,Ehsaan Agarwal,Prisha More,831/A,949,7.63,Agricultural,Mango,Mohol,Kolhapur,Maharashtra,Joint,4,Soybean,Borewell,Bank Loan,M7114,2024-05-14,₹827215,₹2431705,Sale,R2066,XXXX-XXXX-6299,PMMPY4453Z,+915881657508,"374, Dua Path, Loni-736591",18.7838,74.3108,Red,Medium,Active,Residential,Paid,Partially cultivated,2025-02-19
PLOT430,Amira Andra,Ivan Kadam,744/A,243,6.07,Non-Agricultural,Dehri,Shrigonda,Ahmednagar,Maharashtra,Joint,4,Wheat,Well,Legal Dispute,M6925,2022-03-07,₹436860,₹2395485,Inheritance,R4271,XXXX-XXXX-3525,PTFPG9548S,02464638655,"64/27, Date, Ujjain 408383",17.1042,74.2884,Black Cotton,Fertile,Active,Fallow,Unpaid,Irrigated area,2024-12-16
PLOT431,Samar Lall,Jivika Patil,395/A,117,10.31,Non-Agricultural,Dhule,Shrigonda,Pune,Maharashtra,Joint,3,Maize,Well,Bank Loan,M2753,2021-03-26,₹320485,₹1633714,Sale,R3610,XXXX-XXXX-2393,XGFPP2193T,3965592387,"33, Raja Street, Nanded-958690",18.6004,75.6146,Black Cotton,Fertile,Active,Crop,Unpaid,Under observation,2024-12-20
PLOT432,Jhanvi Bhalla,Aniruddh Shinde,607/B,470,4.5,Agricultural,Haridwar,Karjat,Latur,Maharashtra,Single,1,Cotton,Canal,None,M7784,2024-05-28,₹628688,₹1988380,Sale,R7266,XXXX-XXXX-2705,AACPE4903D,07890094829,"22/047, Ahluwalia Zila, Udupi 102429",19.5455,74.2173,Sandy,Medium,Disputed,Crop,Unpaid,Under observation,2025-08-03
PLOT433,Seher Goda,Samarth Deshmukh,820/B,150,10.33,Non-Agricultural,Tiruchirappalli,Pandharpur,Latur,Maharashtra,Joint,5,Paddy,Canal,Legal Dispute,M3895,2022-10-21,₹726617,₹1356934,Sale,R5318,XXXX-XXXX-2435,CDLPA9352X,+913411381243,"112, Sampath Road, South Dumdum 728778",17.8255,74.8354,Alluvial,Fertile,Active,Residential,Paid,Dryland,2024-12-07
PLOT434,Lagan Dey,Nitya Shinde,529/B,145,11.5,Agricultural,Khammam,Rahuri,Pune,Maharashtra,Single,1,Sugarcane,Well,None,M2233,2024-08-05,₹620052,₹1324658,Sale,R5553,XXXX-XXXX-2352,SNVPV7105Z,8185370535,"929, Magar Circle, Vellore 710141",17.9706,73.0934,Red,Low,Active,Fallow,Unpaid,Partially cultivated,2025-01-23
PLOT435,Myra Walia,Aniruddh Patil,883/B,401,10.47,Agricultural,Panchkula,Mohol,Nashik,Maharashtra,Joint,5,Paddy,Rainfed,Bank Loan,M9319,2021-05-31,₹346820,₹1732196,Gift,R2629,XXXX-XXXX-7715,FISPV0922J,+918702083814,"88/764, Sastry Chowk, Proddatur 284609",18.092,75.3231,Black Cotton,Medium,Disputed,Fallow,Unpaid,Boundary not verified,2024-11-19
PLOT436,Lakshay Rama,Kaira Kadam,189/B,696,6.62,Agricultural,Bhilwara,Rahuri,Latur,Maharashtra,Joint,5,Sugarcane,Canal,Bank Loan,M7212,2021-07-28,₹895815,₹2482697,Sale,R7056,XXXX-XXXX-3031,BHUPU5378L,+914729311096,"H.No. 42, Srivastava Chowk, Kakinada-633678",19.042,73.1509,Black Cotton,Fertile,Disputed,Residential,Paid,Dryland,2025-01-07
PLOT437,Ayesha Saini,Vardaniya Kadam,622/B,678,11.95,Agricultural,Chittoor,Beed,Ahmednagar,Maharashtra,Joint,4,Sugarcane,Borewell,Bank Loan,M4002,2025-09-21,₹369186,₹1392803,Inheritance,R1029,XXXX-XXXX-3343,ZJCPD7919H,08905356670,"H.No. 399, Thakkar Ganj, Bettiah-930838",18.9581,73.6933,Red,Low,Active,Fallow,Paid,Under observation,2025-09-10
PLOT438,Vidur Gara,Siya Patil,350/C,325,5.67,Agricultural,Yamunanagar,Mohol,Nashik,Maharashtra,Single,1,Cotton,Rainfed,None,M8351,2024-07-28,₹739398,₹2345450,Gift,R9070,XXXX-XXXX-6251,PXCPJ1433H,+918733413528,"H.No. 97, Date Path, Guwahati-461630",19.4574,74.6181,Sandy,Low,Disputed,Crop,Paid,Partially cultivated,2024-11-28
PLOT439,Aaina Deshmukh,Aayush Deshmukh,991/C,925,5.9,Agricultural,Dhanbad,Baramati,Ahmednagar,Maharashtra,Joint,3,Maize,Borewell,Legal Dispute,M4316,2023-10-28,₹515413,₹1668282,Inheritance,R8320,XXXX-XXXX-7571,MNXPN0650I,4767045874,"H.No. 58, Sankar Marg, Ghaziabad 493638",18.9474,75.2968,Laterite,Medium,Disputed,Residential,Paid,Boundary not verified,2024-10-23
PLOT440,Ira Iyer,Yashvi Shinde,366/B,481,5.19,Agricultural,Haldia,Karjat,Solapur,Maharashtra,Single,1,Sugarcane,Borewell,Bank Loan,M7239,2024-09-20,₹714604,₹1178780,Inheritance,R1441,XXXX-XXXX-1162,HWSPI1801G,04231618195,"44/646, Bera Ganj, Rajpur Sonarpur 848156",17.4628,74.5515,Sandy,Low,Disputed,Fallow,Paid,Irrigated area,2024-12-18
PLOT441,Shray Hari,Aradhya Deshmukh,762/C,582,1.3,Non-Agricultural,Kalyan-Dombivli,Mohol,Solapur,Maharashtra,Single,1,Sugarcane,Borewell,None,M9906,2021-02-15,₹569712,₹2464239,Sale,R3660,XXXX-XXXX-9088,EMJPI9658X,00383395480,"67/393, Gopal Zila, Tirupati 032374",19.7635,75.6114,Alluvial,Fertile,Active,Crop,Unpaid,Partially cultivated,2025-05-31
PLOT442,Hrishita Sachar,Jiya Jadhav,373/B,626,9.4,Non-Agricultural,Raiganj,Karmala,Latur,Maharashtra,Single,1,Maize,Well,Bank Loan,M8145,2024-12-28,₹717401,₹1461823,Gift,R8859,XXXX-XXXX-5849,ZMLPQ8050A,02820733945,"553, Mann Ganj, Tadepalligudem-116525",19.3216,75.3647,Black Cotton,Fertile,Active,Crop,Unpaid,Dryland,2025-09-22
PLOT443,Veer Grover,Indranil Deshmukh,558/C,214,1.19,Non-Agricultural,Sangli-Miraj & Kupwad,Mohol,Nashik,Maharashtra,Single,1,Paddy,Rainfed,None,M7245,2021-11-28,₹656685,₹2408681,Gift,R1943,XXXX-XXXX-8328,AGMPW7342C,+916146431173,"H.No. 91, Mallick Street, Shimla-978280",19.6634,73.6426,Laterite,Low,Disputed,Residential,Unpaid,Partially cultivated,2025-02-05
PLOT444,Tejas Varughese,Shlok Pawar,593/C,295,9.87,Non-Agricultural,Thiruvananthapuram,Pandharpur,Latur,Maharashtra,Joint,5,Wheat,Well,None,M6555,2025-08-28,₹337968,₹2091062,Sale,R3690,XXXX-XXXX-3437,VVCPG0588P,+911742055974,"83/33, Rau Street, Bhusawal 934888",18.3535,74.8187,Laterite,Low,Active,Fallow,Unpaid,Boundary not verified,2025-09-13
PLOT445,Rohan Sane,Manjari Pawar,853/C,774,2.01,Non-Agricultural,Shimla,Karjat,Solapur,Maharashtra,Joint,4,Wheat,Rainfed,Legal Dispute,M1322,2025-06-13,₹538588,₹963662,Sale,R9625,XXXX-XXXX-1209,QCWPM6046Q,4505863765,"12/662, Salvi Marg, Jhansi 948297",18.139,75.477,Laterite,Medium,Active,Fallow,Unpaid,Requires leveling,2025-08-07
PLOT446,Shanaya Walia,Adah Jadhav,309/C,534,2.8,Agricultural,Khammam,Mohol,Ahmednagar,Maharashtra,Single,1,Fallow,Well,None,M6616,2023-11-27,₹673680,₹1486580,Gift,R8974,XXXX-XXXX-8063,CNLPQ1379A,+911384424746,"889, Desai Ganj, Udaipur 696550",19.2089,75.1752,Alluvial,Medium,Active,Fallow,Paid,Dryland,2024-11-28
PLOT447,Raghav Tiwari,Saanvi More,473/C,364,3.05,Non-Agricultural,Katni,Shrigonda,Satara,Maharashtra,Joint,2,Soybean,Borewell,None,M8736,2022-08-22,₹465292,₹2339749,Gift,R4422,XXXX-XXXX-5366,CWGPW0523V,00269685701,"15, Sachdeva Street, Nangloi Jat 186383",18.4027,75.5993,Black Cotton,Low,Active,Residential,Paid,Dryland,2025-09-07
PLOT448,Renee Chand,Armaan More,325/C,258,8.94,Agricultural,Mango,Karmala,Kolhapur,Maharashtra,Joint,3,Wheat,Well,Mortgage,M5549,2022-05-18,₹255207,₹1241228,Sale,R9836,XXXX-XXXX-4493,NZQPH4792E,+911081035796,"71/542, Sehgal Marg, Saharanpur-764255",18.5465,74.3931,Laterite,Fertile,Active,Crop,Paid,Dryland,2024-12-05
PLOT449,Armaan Kale,Aarush Deshmukh,308/C,548,8.18,Non-Agricultural,Ongole,Mohol,Ahmednagar,Maharashtra,Joint,3,Sugarcane,Canal,Legal Dispute,M1791,2024-03-16,₹727528,₹1160846,Sale,R4703,XXXX-XXXX-9906,VHNPX0649M,8597855066,"23/831, Konda Ganj, Junagadh 190713",18.4453,74.6494,Laterite,Fertile,Active,Residential,Paid,Irrigated area,2024-12-03
PLOT450,Vihaan Bali,Jayant Pawar,692/A,489,3.41,Agricultural,Tirunelveli,Pandharpur,Kolhapur,Maharashtra,Single,1,Wheat,Borewell,Legal Dispute,M3888,2021-12-12,₹498563,₹1628017,Sale,R3475,XXXX-XXXX-3824,WMJPF9714Q,05576755280,"H.No. 548, Varughese, Faridabad 828209",17.6147,75.8381,Black Cotton,Medium,Active,Fallow,Unpaid,Irrigated area,2025-03-03
PLOT451,Suhana Gade,Mahika Shinde,435/A,150,8.66,Non-Agricultural,Munger,Karjat,Latur,Maharashtra,Single,1,Fallow,Well,Bank Loan,M2710,2023-04-21,₹612726,₹1259151,Gift,R5558,XXXX-XXXX-1936,AAAPY3875Y,+913398965912,"65, Toor Nagar, Bhatpara-050221",19.9755,74.4113,Sandy,Medium,Disputed,Residential,Paid,Partially cultivated,2025-01-07
PLOT452,Eshani Tak,Vedika More,852/A,551,7.95,Agricultural,Sri Ganganagar,Sangola,Nashik,Maharashtra,Single,1,Fallow,Well,Mortgage,M9368,2022-03-24,₹317987,₹1798109,Inheritance,R4951,XXXX-XXXX-4238,WVGPI0301P,02548136340,"388, Dhingra Street, Madhyamgram 311293",18.8553,75.7933,Black Cotton,Medium,Active,Residential,Unpaid,Requires leveling,2025-07-26
PLOT453,Samaira Subramanian,Tara More,331/A,239,3.66,Agricultural,Dewas,Beed,Satara,Maharashtra,Joint,4,Soybean,Well,Legal Dispute,M3701,2021-06-30,₹888840,₹2007981,Sale,R2473,XXXX-XXXX-7649,GQZPP1381K,+914298461692,"952, Mangal Path, Raebareli-726804",19.3,75.6611,Alluvial,Low,Disputed,Fallow,Paid,Under observation,2024-12-12
PLOT454,Kabir Vig,Aarush Kadam,840/B,731,2.39,Agricultural,Gaya,Pandharpur,Solapur,Maharashtra,Joint,2,Fallow,Well,Legal Dispute,M2717,2022-07-02,₹730186,₹1112903,Sale,R7308,XXXX-XXXX-1547,PZGPQ8212G,01122371583,"349, Sant Road, Bihar Sharif-048286",17.0306,73.7725,Sandy,Medium,Disputed,Crop,Unpaid,Irrigated area,2025-07-30
PLOT455,Tejas Bhalla,Nirvaan More,861/C,759,10.1,Agricultural,Chennai,Beed,Pune,Maharashtra,Single,1,Cotton,Canal,Legal Dispute,M4381,2022-03-13,₹462109,₹2123409,Inheritance,R5532,XXXX-XXXX-2603,GJCPL6986R,03318064586,"H.No. 72, Chad Nagar, South Dumdum-285740",19.4632,75.4168,Laterite,Low,Disputed,Residential,Paid,Irrigated area,2025-10-02
PLOT456,Adira Sandal,Aniruddh Pawar,530/C,833,7.87,Agricultural,Singrauli,Sangola,Nashik,Maharashtra,Joint,2,Maize,Rainfed,Legal Dispute,M7986,2023-11-13,₹558657,₹2485843,Inheritance,R3610,XXXX-XXXX-3598,UEVPQ7898C,+915723162699,"H.No. 66, Chaudry Chowk, Bellary-175468",19.0012,75.8553,Black Cotton,Fertile,Active,Fallow,Unpaid,Partially cultivated,2025-09-24
PLOT457,Kiaan Keer,Indrans Patil,666/C,273,3.83,Non-Agricultural,Phagwara,Sangola,Nashik,Maharashtra,Joint,5,Cotton,Borewell,Mortgage,M7978,2023-03-28,₹319861,₹1923169,Gift,R3161,XXXX-XXXX-8647,ADYPK2237G,8144658406,"H.No. 33, Mallick Zila, Rohtak-707160",19.8718,75.1091,Alluvial,Fertile,Active,Fallow,Unpaid,Requires leveling,2024-12-18
PLOT458,Nishith Gopal,Neelofar Jadhav,999/C,927,3.24,Agricultural,Shahjahanpur,Mohol,Latur,Maharashtra,Joint,2,Wheat,Canal,Mortgage,M1808,2023-01-05,₹415700,₹1068223,Inheritance,R3218,XXXX-XXXX-5796,NDHPN1573E,6518460275,"68/06, Srivastava Nagar, Rourkela-949838",18.3717,74.0527,Sandy,Low,Active,Fallow,Paid,Under observation,2025-06-03
PLOT459,Ryan Kohli,Nitya Jadhav,888/A,974,4.24,Agricultural,Kharagpur,Beed,Satara,Maharashtra,Single,1,Paddy,Borewell,Legal Dispute,M2346,2025-06-28,₹472050,₹1360726,Inheritance,R9639,XXXX-XXXX-7009,YQLPI0421N,08263834854,"H.No. 789, Ganguly Marg, Bulandshahr-389314",18.711,75.997,Red,Low,Disputed,Residential,Paid,Boundary not verified,2025-08-09
PLOT460,Tanya Ranganathan,Indranil Shinde,766/B,696,4.15,Non-Agricultural,Coimbatore,Mohol,Solapur,Maharashtra,Joint,4,Cotton,Rainfed,Legal Dispute,M1594,2021-01-29,₹896259,₹955605,Sale,R7777,XXXX-XXXX-2004,LVRPD0842N,2617555115,"05, Jaggi Street, Bihar Sharif-163989",19.7377,74.4141,Alluvial,Low,Active,Fallow,Unpaid,Boundary not verified,2025-03-01
PLOT461,Keya Dua,Anahi Deshmukh,888/B,675,9.27,Non-Agricultural,Madanapalle,Shrigonda,Pune,Maharashtra,Single,1,Wheat,Well,Bank Loan,M9454,2022-09-22,₹751130,₹2158427,Sale,R7738,XXXX-XXXX-5418,JMNPQ5434N,+911247939113,"H.No. 87, Varkey Nagar, Bhind-642721",17.5004,73.5815,Red,Medium,Active,Fallow,Unpaid,Irrigated area,2025-08-05
PLOT462,Yashvi Hayre,Tiya Kadam,758/B,772,5.79,Non-Agricultural,Eluru,Karmala,Kolhapur,Maharashtra,Single,1,Paddy,Borewell,Legal Dispute,M4542,2024-08-03,₹506284,₹1893898,Sale,R4293,XXXX-XXXX-9899,TGYPG6409P,4313043017,"049, Sant Circle, Gulbarga-368551",17.1993,73.802,Black Cotton,Medium,Active,Fallow,Paid,Under observation,2025-04-01
PLOT463,Gokul Shenoy,Yakshit Pawar,440/B,758,9.71,Non-Agricultural,Ramagundam,Karjat,Beed,Maharashtra,Joint,4,Maize,Well,Mortgage,M3693,2025-08-16,₹824396,₹1785015,Sale,R3230,XXXX-XXXX-4137,WNZPV2746H,9108108826,"07/811, Barad Street, Barasat 339358",19.3969,73.5611,Black Cotton,Medium,Disputed,Residential,Paid,Partially cultivated,2025-06-21
PLOT464,Divij Hayre,Ishaan Shinde,277/B,262,6.73,Non-Agricultural,Nagaon,Beed,Solapur,Maharashtra,Joint,5,Sugarcane,Canal,Bank Loan,M6465,2022-04-04,₹316354,₹1665502,Sale,R8204,XXXX-XXXX-1122,UCFPI1459N,9493324697,"42/93, Mahal Ganj, Belgaum 160673",17.2079,73.9804,Laterite,Fertile,Disputed,Crop,Unpaid,Under observation,2025-02-22
PLOT465,Ehsaan Goyal,Riaan Kadam,484/C,812,1.8,Agricultural,Mau,Shrigonda,Satara,Maharashtra,Joint,3,Fallow,Canal,Mortgage,M2965,2024-10-08,₹885039,₹1170043,Gift,R3210,XXXX-XXXX-5451,TUZPD5328D,07783645063,"88, Gokhale, Avadi-547860",19.4804,75.6721,Laterite,Medium,Active,Fallow,Paid,Partially cultivated,2025-01-20
PLOT466,Abram Gara,Manjari Pawar,216/B,559,9.31,Agricultural,Mysore,Beed,Pune,Maharashtra,Joint,5,Maize,Borewell,Bank Loan,M9013,2020-12-06,₹297070,₹1127793,Gift,R7482,XXXX-XXXX-4074,VGZPX7320E,+917136679310,"12, Goyal Nagar, Raebareli 186617",19.0585,75.8453,Alluvial,Low,Disputed,Residential,Paid,Under observation,2025-08-25
PLOT467,Hridaan Sarraf,Kavya Kadam,113/B,494,5.7,Non-Agricultural,Hyderabad,Karmala,Solapur,Maharashtra,Joint,5,Soybean,Rainfed,Mortgage,M6298,2024-07-18,₹757312,₹2213807,Inheritance,R4271,XXXX-XXXX-6957,ZMSPO6612Q,0639958785,"26/452, Chowdhury Ganj, Khora -894425",17.5047,73.0572,Laterite,Medium,Disputed,Crop,Paid,Boundary not verified,2025-04-19
PLOT468,Sumer Wason,Abram Pawar,189/C,444,8.28,Non-Agricultural,Jabalpur,Mohol,Satara,Maharashtra,Single,1,Maize,Canal,Mortgage,M5072,2025-06-08,₹769782,₹1239792,Inheritance,R3576,XXXX-XXXX-2034,KGVPC1800A,2970723365,"099, Bail Circle, Jamshedpur 177981",17.7615,73.5076,Sandy,Low,Active,Residential,Unpaid,Requires leveling,2024-12-31
PLOT469,Madhup Choudhury,Anvi Patil,115/C,867,5.04,Non-Agricultural,Guntur,Shrigonda,Solapur,Maharashtra,Single,1,Maize,Canal,None,M5374,2021-12-26,₹413735,₹1050977,Sale,R6630,XXXX-XXXX-9173,BKNPV9548H,04041266401,"55, Krishnamurthy Road, Rampur-484666",18.6063,75.2531,Black Cotton,Medium,Disputed,Crop,Unpaid,Under observation,2025-09-09
PLOT470,Alia Kumar,Shaan Shinde,800/C,708,8.35,Agricultural,Amritsar,Shrigonda,Solapur,Maharashtra,Joint,3,Paddy,Rainfed,Mortgage,M2871,2025-07-22,₹812585,₹2285146,Gift,R8458,XXXX-XXXX-1132,VYWPY7747N,+915051304961,"78/199, Mangat, Hazaribagh 270091",19.7607,74.7384,Black Cotton,Fertile,Disputed,Crop,Paid,Dryland,2024-12-10
PLOT471,Saira Dyal,Himmat Patil,943/C,423,7.76,Agricultural,Jamalpur,Pandharpur,Satara,Maharashtra,Single,1,Wheat,Canal,None,M7190,2021-05-27,₹853372,₹1580239,Gift,R2548,XXXX-XXXX-5895,VEFPX9002I,4887461991,"H.No. 75, Ravi Path, Pudukkottai 181213",18.5002,75.6288,Alluvial,Low,Active,Residential,Unpaid,Boundary not verified,2024-11-26
PLOT472,Sana Rao,Gokul Pawar,811/A,613,2.55,Agricultural,Nangloi Jat,Mohol,Satara,Maharashtra,Single,1,Soybean,Borewell,Legal Dispute,M2365,2022-07-21,₹895907,₹1333874,Inheritance,R9689,XXXX-XXXX-8109,TLZPP8064X,+911390440991,"50/51, Gade Chowk, Orai 776603",19.7605,73.4003,Black Cotton,Fertile,Disputed,Fallow,Unpaid,Under observation,2024-11-11
PLOT473,Badal Barad,Manikya Kadam,751/B,392,1.67,Non-Agricultural,Noida,Karjat,Latur,Maharashtra,Single,1,Soybean,Borewell,Mortgage,M1290,2025-06-13,₹894439,₹1284852,Sale,R8457,XXXX-XXXX-9766,RTSPQ5699A,5623994386,"66, Buch Street, Bareilly 584591",19.873,73.4911,Alluvial,Fertile,Active,Residential,Unpaid,Dryland,2025-02-15
PLOT474,Charvi Chopra,Jayant Deshmukh,257/A,835,1.94,Non-Agricultural,Ongole,Rahuri,Beed,Maharashtra,Single,1,Cotton,Borewell,Mortgage,M4824,2021-01-14,₹564552,₹2010422,Sale,R4313,XXXX-XXXX-8541,FKEPD0800A,1048335922,"474, Joshi Road, Muzaffarpur-112804",18.465,75.7825,Red,Medium,Disputed,Residential,Paid,Partially cultivated,2024-11-11
PLOT475,Inaaya  Choudhury,Chirag Pawar,236/A,267,5.53,Agricultural,Sirsa,Karmala,Pune,Maharashtra,Single,1,Sugarcane,Canal,Mortgage,M6521,2021-06-19,₹418886,₹2396451,Sale,R4052,XXXX-XXXX-5455,CJKPB9423C,8487183247,"H.No. 675, Jain Chowk, Ambala-035054",18.2379,73.3653,Laterite,Medium,Active,Crop,Paid,Dryland,2025-05-03
PLOT476,Navya Warrior,Seher More,892/A,845,7.78,Agricultural,Eluru,Karjat,Pune,Maharashtra,Joint,4,Fallow,Canal,Bank Loan,M1160,2020-12-06,₹833395,₹2236969,Gift,R1890,XXXX-XXXX-4998,ZLQPX8220G,8174711802,"82, Bhargava Road, Hosur 931610",18.7459,74.802,Sandy,Medium,Active,Residential,Unpaid,Dryland,2024-10-16
PLOT477,Veer Choudhary,Prisha Kadam,235/A,959,8.06,Non-Agricultural,Kota,Pandharpur,Pune,Maharashtra,Single,1,Maize,Borewell,Legal Dispute,M6464,2022-10-03,₹614592,₹1229463,Gift,R6611,XXXX-XXXX-7778,QOMPK2967P,+912258501050,"00/37, Borra Zila, Katni-962082",18.6326,75.0343,Sandy,Medium,Active,Residential,Unpaid,Irrigated area,2025-05-31
PLOT478,Samiha Kumer,Onkar Pawar,355/C,843,10.88,Non-Agricultural,Tirupati,Baramati,Ahmednagar,Maharashtra,Joint,4,Fallow,Borewell,Legal Dispute,M4440,2022-10-12,₹333772,₹1582614,Sale,R4062,XXXX-XXXX-4484,CXYPE6192W,7881020397,"20/890, Kala Zila, Rajpur Sonarpur 697897",18.9605,73.9507,Red,Low,Disputed,Crop,Paid,Boundary not verified,2025-05-24
PLOT479,Ranbir Sengupta,Parinaaz More,451/A,164,3.47,Agricultural,Eluru,Pandharpur,Satara,Maharashtra,Single,1,Cotton,Rainfed,Bank Loan,M3487,2025-06-24,₹280352,₹2354316,Inheritance,R2031,XXXX-XXXX-4958,TYKPW4660V,6882490625,"666, Varughese, Jehanabad-605528",17.5952,74.2732,Sandy,Medium,Active,Fallow,Unpaid,Under observation,2025-05-12
PLOT480,Kismat Kapoor,Sara Pawar,248/B,717,11.64,Non-Agricultural,Kumbakonam,Beed,Solapur,Maharashtra,Joint,2,Sugarcane,Well,Mortgage,M2717,2020-10-31,₹888594,₹2425392,Gift,R2797,XXXX-XXXX-9297,CUAPW7010U,+918651648884,"445, Behl Zila, Navi Mumbai 130671",18.0968,75.5855,Sandy,Low,Active,Fallow,Unpaid,Dryland,2025-03-22
PLOT481,Kiara Bahri,Jivika Deshmukh,204/C,670,7.97,Non-Agricultural,Jorhat,Karmala,Beed,Maharashtra,Joint,3,Fallow,Well,None,M8663,2024-05-29,₹364097,₹1610714,Sale,R2519,XXXX-XXXX-1418,AVRPQ0111B,+916982223359,"61/63, Sood Chowk, Bokaro-100491",17.9882,74.4581,Black Cotton,Fertile,Active,Crop,Unpaid,Partially cultivated,2024-11-05
PLOT482,Yuvraj  Tank,Shalv Shinde,200/A,908,1.04,Agricultural,Bokaro,Pandharpur,Beed,Maharashtra,Joint,3,Maize,Canal,Bank Loan,M1590,2022-03-26,₹253402,₹1622554,Gift,R1715,XXXX-XXXX-3708,HUFPQ1366O,9206989882,"H.No. 66, Chaudhary Ganj, Solapur 618353",19.8744,73.4628,Red,Fertile,Active,Crop,Unpaid,Irrigated area,2024-12-10
PLOT483,Purab Suresh,Samar Deshmukh,414/B,542,7.14,Non-Agricultural,Tiruppur,Karmala,Latur,Maharashtra,Single,1,Fallow,Borewell,Mortgage,M4215,2022-11-24,₹683809,₹1770452,Inheritance,R9896,XXXX-XXXX-3763,MRUPP7804J,+915906837645,"644, Sinha Chowk, Coimbatore 650794",17.2477,73.0471,Sandy,Medium,Disputed,Fallow,Paid,Requires leveling,2025-01-24
PLOT484,Shray Barad,Aaryahi Jadhav,495/B,841,6.92,Agricultural,Rampur,Sangola,Nashik,Maharashtra,Single,1,Fallow,Canal,Legal Dispute,M4463,2024-06-08,₹448224,₹1647237,Sale,R2643,XXXX-XXXX-9622,KFRPH6518O,0986232594,"93, Rama, Bettiah 052708",18.8419,74.3614,Sandy,Medium,Active,Fallow,Paid,Dryland,2025-08-26
PLOT485,Jivika Sandhu,Kartik Patil,454/B,690,1.45,Non-Agricultural,Bardhaman,Beed,Nashik,Maharashtra,Single,1,Sugarcane,Canal,None,M5802,2021-03-18,₹327122,₹2081215,Sale,R2973,XXXX-XXXX-5885,OBDPW5793C,00470018806,"25, Mander Circle, Katni 301152",18.8675,75.7571,Red,Fertile,Active,Crop,Unpaid,Irrigated area,2024-11-21
PLOT486,Raunak Thaker,Ira Pawar,343/B,633,7.19,Agricultural,Motihari,Karmala,Solapur,Maharashtra,Joint,2,Wheat,Borewell,None,M8227,2021-05-22,₹396357,₹1707079,Inheritance,R1523,XXXX-XXXX-7737,PLUPS9415A,+916846724496,"75, Mahal Chowk, Bathinda 342737",17.9175,74.8985,Black Cotton,Medium,Active,Residential,Unpaid,Irrigated area,2025-07-22
PLOT487,Aayush Raja,Anay Shinde,400/C,975,11.9,Non-Agricultural,Ghaziabad,Baramati,Pune,Maharashtra,Single,1,Cotton,Borewell,Legal Dispute,M9387,2024-06-21,₹588109,₹1881235,Inheritance,R1321,XXXX-XXXX-6289,EPNPA1525X,09168066638,"103, Johal Path, Shivpuri 640808",17.6449,74.4982,Laterite,Medium,Disputed,Crop,Unpaid,Requires leveling,2025-05-15
PLOT488,Misha Cheema,Aaina Shinde,641/C,285,4.14,Agricultural,Thane,Rahuri,Beed,Maharashtra,Joint,5,Wheat,Well,None,M6263,2022-06-24,₹842116,₹2388871,Gift,R5044,XXXX-XXXX-1601,XRCPV6844Q,+910991638692,"11/22, Koshy Path, Bhusawal-067162",18.0978,74.9074,Laterite,Medium,Disputed,Fallow,Unpaid,Partially cultivated,2024-10-31
PLOT489,Suhana Tailor,Ela Kadam,581/A,216,4.56,Non-Agricultural,Ichalkaranji,Mohol,Pune,Maharashtra,Joint,4,Fallow,Canal,Legal Dispute,M3147,2025-03-10,₹459973,₹1398161,Inheritance,R5923,XXXX-XXXX-7109,DTSPD9644E,7900813605,"80/80, Subramanian Zila, Malegaon-476201",19.0802,73.1859,Red,Fertile,Active,Crop,Paid,Irrigated area,2025-09-23
PLOT490,Drishya Kale,Nayantara More,908/B,212,7.18,Non-Agricultural,Sonipat,Beed,Latur,Maharashtra,Joint,2,Paddy,Well,None,M7608,2025-04-17,₹687156,₹2440777,Sale,R7068,XXXX-XXXX-9064,QVKPI6359H,+916074516244,"478, Bumb Nagar, Kochi-320125",17.0512,75.0981,Red,Low,Active,Residential,Unpaid,Boundary not verified,2025-07-10
PLOT491,Samar Talwar,Faiyaz Patil,771/B,174,7.47,Non-Agricultural,Madanapalle,Shrigonda,Kolhapur,Maharashtra,Single,1,Maize,Canal,Mortgage,M2661,2025-05-20,₹723131,₹2383276,Inheritance,R1218,XXXX-XXXX-6251,ZFPPG1767M,+918700418616,"133, Handa Marg, Sambalpur-232699",18.5236,75.6538,Alluvial,Medium,Active,Crop,Unpaid,Partially cultivated,2024-12-03
PLOT492,Chirag Sarin,Riaan Shinde,313/B,441,4.19,Agricultural,Nandyal,Beed,Kolhapur,Maharashtra,Single,1,Soybean,Canal,Bank Loan,M9230,2025-05-22,₹592370,₹1227261,Inheritance,R6249,XXXX-XXXX-5436,TKNPS9221V,8141220285,"H.No. 723, Anand Zila, Bhalswa Jahangir Pur 602103",18.4032,73.4324,Black Cotton,Fertile,Disputed,Crop,Paid,Boundary not verified,2025-01-06
PLOT493,Ishaan Hari,Manjari More,921/A,290,0.75,Agricultural,Kottayam,Beed,Nashik,Maharashtra,Single,1,Fallow,Rainfed,None,M5277,2025-01-16,₹413567,₹1929475,Inheritance,R4295,XXXX-XXXX-9848,WOOPH3068H,07921360125,"H.No. 054, Khanna Street, Etawah-411384",17.8141,74.2397,Alluvial,Low,Disputed,Fallow,Unpaid,Boundary not verified,2025-08-18
PLOT494,Ryan Dey,Jayan Pawar,420/C,589,5.8,Non-Agricultural,Meerut,Karmala,Satara,Maharashtra,Single,1,Cotton,Borewell,Bank Loan,M4100,2025-06-09,₹711326,₹1163944,Gift,R9303,XXXX-XXXX-7311,NSOPL9274L,3016822516,"722, Rastogi Nagar, Proddatur-801829",18.736,74.2077,Laterite,Low,Active,Fallow,Unpaid,Partially cultivated,2025-06-04
PLOT495,Purab Virk,Nishith Patil,498/C,213,4.66,Agricultural,Faridabad,Baramati,Pune,Maharashtra,Single,1,Wheat,Rainfed,None,M6183,2021-12-26,₹529791,₹1867703,Gift,R1105,XXXX-XXXX-3705,KQFPU6210K,01280016483,"H.No. 04, Rege Ganj, Satna-371319",18.6286,73.2277,Laterite,Medium,Active,Residential,Unpaid,Dryland,2025-03-14
PLOT496,Miraya Dutt,Arhaan More,477/A,395,9.27,Non-Agricultural,Anantapur,Mohol,Beed,Maharashtra,Single,1,Wheat,Borewell,Legal Dispute,M8375,2025-08-19,₹388478,₹1581008,Gift,R4593,XXXX-XXXX-2319,TQHPT4718M,08476802493,"81/135, Krish Road, Tadepalligudem 066934",17.8325,75.8885,Laterite,Medium,Active,Crop,Paid,Irrigated area,2025-06-12
PLOT497,Tushar Tripathi,Heer Pawar,272/B,436,8.74,Agricultural,Machilipatnam,Baramati,Satara,Maharashtra,Single,1,Soybean,Canal,None,M5519,2024-11-26,₹328916,₹1976224,Inheritance,R8213,XXXX-XXXX-9373,OQLPS4672Y,+910875153971,"H.No. 847, Kalla Path, Howrah 302518",19.4459,73.4576,Laterite,Medium,Disputed,Crop,Paid,Requires leveling,2025-05-23
PLOT498,Siya Bansal,Zain More,956/A,602,4.58,Non-Agricultural,Karawal Nagar,Karjat,Ahmednagar,Maharashtra,Joint,3,Sugarcane,Rainfed,None,M7153,2021-09-27,₹794741,₹1532964,Sale,R9196,XXXX-XXXX-4307,PGNPR1720P,08226488996,"69/85, Balan Street, Silchar-003208",18.709,75.7985,Black Cotton,Medium,Disputed,Residential,Paid,Under observation,2025-08-01
PLOT499,Ayesha Khare,Eshani Deshmukh,279/C,934,8.86,Non-Agricultural,Kishanganj,Sangola,Kolhapur,Maharashtra,Joint,5,Paddy,Well,Legal Dispute,M7548,2021-04-28,₹487052,₹1493764,Inheritance,R3454,XXXX-XXXX-2467,DVTPJ8492Q,8915857703,"H.No. 19, Soman Street, North Dumdum-907257",18.4405,73.6831,Black Cotton,Fertile,Disputed,Residential,Paid,Partially cultivated,2025-07-01
PLOT500,Krish Vala,Misha Jadhav,310/A,929,6.52,Agricultural,Pudukkottai,Baramati,Satara,Maharashtra,Joint,5,Wheat,Rainfed,Legal Dispute,M6739,2023-08-27,₹559661,₹1332451,Inheritance,R9393,XXXX-XXXX-3655,ZUTPW3516I,2685223122,"45/48, Kadakia Path, Moradabad-576575",19.6252,73.5452,Red,Medium,Disputed,Residential,Paid,Irrigated area,2025-01-21
